,hashtag,word_segment,Segmented_Sent
0,#samsungs21ultra,"{'samsung', 'ultra', 's21'}",samsung ultra s21
1,#wearables,{'wearables'},wearables
2,#samsunga82,"{'samsung', 'a82'}",samsung a82
3,#intensivechemotherapy,"{'intensive', 'chemotherapy'}",intensive chemotherapy
4,#experiencethefuture,"{'the', 'experience', 'future'}",the experience future
5,#x60pro,"{'vivo', 'x60pro'}",vivo x60pro
6,#insurance,{'insurance'},insurance
7,#narendra,{'narendra'},narendra
8,#special,{'special'},special
9,#latest,{'latest'},latest
10,#neuralnetworks,"{'networks', 'neural'}",networks neural
11,#eth,{'eth'},eth
12,#trophy,{'trophy'},trophy
13,#mikepence,"{'mike', 'pence'}",mike pence
14,#phonepart,"{'part', 'phone'}",part phone
15,#aktuonlineexams,"{'a', 'ktu', 'online', 'exams'}",a ktu online exams
16,#greatapecov,"{'great', 'apec', 'ov'}",great apec ov
17,#aktu,"{'a', 'ktu'}",a ktu
18,#wellsfargo,"{'fargo', 'wells'}",fargo wells
19,#unrooted,{'unrooted'},unrooted
20,#nse,{'nse'},nse
21,#sbi#drt#hrera#fir,{'sbidrthrerafir'},sbidrthrerafir
22,#nyay,"{'n', 'yay'}",n yay
23,#cleantech,"{'clean', 'tech'}",clean tech
24,#mobilephonesaleonflipkart,"{'flip', 'mobile', 'kart', 'on', 'phone', 'obi', 'sale'}",flip mobile kart on phone obi sale
25,#chamoli,"{'oli', 'cham'}",oli cham
26,#pufc,"{'ufc', 'p'}",ufc p
27,#thankyou,"{'you', 'thank'}",you thank
28,#mobileapp,"{'mobile', 'app', 'obi'}",mobile app obi
29,#nhsnoths2,{'nhsnoths2'},nhsnoths2
30,#readingfc,"{'reading', 'fc'}",reading fc
31,#endtheneglect,"{'neglect', 'end', 'the'}",neglect end the
32,#workplacesafetyact,"{'workplace', 'safety', 'act'}",workplace safety act
33,#connectivity,"{'Emporia', 'connectivity'}",Emporia connectivity
34,#new,{'new'},new
35,#cloud,{'cloud'},cloud
36,#ocsc,{'ocsc'},ocsc
37,#rmas,{'rmas'},rmas
38,#myanmarneedhelp,"{'need', 'myanmar', 'help'}",need myanmar help
39,#itela47,{'itela47'},itela47
40,#digitaltransformation,"{'digital', 'transformation'}",digital transformation
41,#javascript,{'javascript'},javascript
42,#ramaphosa,"{'rama', 'a', 'phos'}",rama a phos
43,#bologuruji,"{'bolo', 'guruji'}",bolo guruji
44,#iphone13,{'iphone13'},iphone13
45,#starvation,"{'Plum', 'starvation'}",Plum starvation
46,#crypto,{'crypto'},crypto
47,#oneplus,"{'one', 'XOLO', 'plus', 'OnePlus'}",one XOLO plus OnePlus
48,#shareubs,"{'share', 'ubs'}",share ubs
49,#naturelovers,"{'nature', 'lovers'}",nature lovers
50,#realme7,"{'real', 'me7', 'realme'}",real me7 realme
51,#technology,{'technology'},technology
52,#bidenregret,"{'regret', 'biden'}",regret biden
53,#edtech,{'edtech'},edtech
54,#finteract2021,"{'f', '2021', 'interact'}",f 2021 interact
55,#apple,{'apple'},apple
56,#vivox60proplus,"{'vivox60proplus', 'vivo'}",vivox60proplus vivo
57,#apy,{'apy'},apy
58,#onlineteaching,"{'teaching', 'online'}",teaching online
59,#bloggers,{'bloggers'},bloggers
60,#lcfc,{'lcfc'},lcfc
61,#theatrical,{'theatrical'},theatrical
62,#trading,{'trading'},trading
63,#rrb9revisepreresult,"{'rrb9revisepre', 'result'}",rrb9revisepre result
64,#greatprice,"{'great', 'price'}",great price
65,#alarm,{'alarm'},alarm
66,#mufc,{'mufc'},mufc
67,#saudiarabia,"{'saudi', 'arabia'}",saudi arabia
68,#tigray,{'tigray'},tigray
69,#5gphone,"{'5g', 'phone'}",5g phone
70,#bbbscamalert,"{'alert', 'scam', 'bbb'}",alert scam bbb
71,#bestcommoditybooks,"{'best', 'books', 'commodity'}",best books commodity
72,#depression,{'depression'},depression
73,#2020election,"{'2020', 'Qtek', 'election'}",2020 Qtek election
74,#rmspa,"{'spa', 'rm'}",spa rm
75,#pmoindia,"{'pmo', 'india'}",pmo india
76,#uk,{'uk'},uk
77,#exynos1080,{'exynos1080'},exynos1080
78,#forecast,{'forecast'},forecast
79,#kidneyhealth,"{'kidney', 'health'}",kidney health
80,#cjisa,"{'is', 'cj', 'a'}",is cj a
81,#venetoclax,"{'c', 'veneto', 'lax'}",c veneto lax
82,#sarscov2,{'sarscov2'},sarscov2
83,#wekimeki,"{'kim', 'we', 'eki'}",kim we eki
84,#live,{'live'},live
85,#homeloans,"{'loans', 'home'}",loans home
86,#blockchain,"{'chain', 'block'}",chain block
87,#defundthent,"{'the', 'nt', 'defund'}",the nt defund
88,#sevensensetech,"{'seven', 'sense', 'tech'}",seven sense tech
89,#rajasthan,{'rajasthan'},rajasthan
90,#highriskca,"{'high', 'risk', 'ca'}",high risk ca
91,#aktuonlineexam,"{'a', 'ktu', 'online', 'exam'}",a ktu online exam
92,#cafc,{'cafc'},cafc
93,#bidkinurban,"{'kin', 'bid', 'urban'}",kin bid urban
94,#banloanapp,"{'loanapp', 'ban'}",loanapp ban
95,#ces2021,{'ces2021'},ces2021
96,#ourhearts,"{'hearts', 'our'}",hearts our
97,#honorv40,"{'v40', 'honor'}",v40 honor
98,#dataprivacyday,"{'day', 'data', 'privacy'}",day data privacy
99,#nifty50,{'nifty50'},nifty50
100,#amazon,{'amazon'},amazon
101,#iqoo3,"{'iqoo3', 'iqoo'}",iqoo3 iqoo
102,#ydeprojectke,"{'project', 'y', 'ke', 'de'}",project y ke de
103,#anissabrown,"{'anissa', 'brown'}",anissa brown
104,#farmlaws,"{'farm', 'laws'}",farm laws
105,#endourcladdingscandal,"{'end', 'cladding', 'our', 'scandal'}",end cladding our scandal
106,#robinhoodapp,"{'robinhood', 'app', 'obi'}",robinhood app obi
107,#codeblue,"{'code', 'blue'}",code blue
108,#loanmoratorium,"{'moratorium', 'loan'}",moratorium loan
109,#rufc,{'rufc'},rufc
110,#lepow,"{'pow', 'le'}",pow le
111,#garppodcasts,"{'garp', 'podcasts'}",garp podcasts
112,#ganga,{'ganga'},ganga
113,#whereisuefa,"{'is', 'uefa', 'where'}",is uefa where
114,#cfc,{'cfc'},cfc
115,#efc,{'efc'},efc
116,#content#,{'content'},content
117,#ran,{'ran'},ran
118,#modigovt,"{'modi', 'govt'}",modi govt
119,#grsm,"{'gr', 'sm'}",gr sm
120,#yasholabhasva,"{'va', 'has', 'lab', 'o', 'yash'}",va has lab o yash
121,#innovation,{'innovation'},innovation
122,#thing,{'thing'},thing
123,#pakistanvaccination,"{'pakistan', 'vaccination'}",pakistan vaccination
124,#qualitative,{'qualitative'},qualitative
125,#cybersecurity,{'cybersecurity'},cybersecurity
126,#micromaxinnote1,"{'maxinnote1', 'micro'}",maxinnote1 micro
127,#5gsfor5g,{'5gsfor5g'},5gsfor5g
128,#hbaris,"{'is', 'h', 'bar'}",is h bar
129,#indianmemoir,"{'memoir', 'indian'}",memoir indian
130,#mixedreality,"{'mixed', 'reality'}",mixed reality
131,#bb14,{'bb14'},bb14
132,#sirsmember,"{'sirs', 'member'}",sirs member
133,#remotejob,"{'remote', 'job'}",remote job
134,#bjpgovtdictatingtwitter,"{'govt', 'twitter', 'dictating', 'bjp'}",govt twitter dictating bjp
135,#gawx,"{'ga', 'wx'}",ga wx
136,#californians,{'californians'},californians
137,#baas,{'baas'},baas
138,#deadlineday,"{'deadline', 'day'}",deadline day
139,#inject,{'inject'},inject
140,#bidkinurbanmultipurposenidhilimited,"{'kin', 'urban', 'nidhi', 'limited', 'bid', 'multipurpose'}",kin urban nidhi limited bid multipurpose
141,#cripthevote,"{'crip', 'the', 'vote'}",crip the vote
142,#btc,{'btc'},btc
143,#dairy,{'dairy'},dairy
144,#nmsf,"{'nm', 'sf'}",nm sf
145,#stpifinblue,"{'stp', 'if', 'blue', 'in'}",stp if blue in
146,#corporates,{'corporates'},corporates
147,#budget,{'budget'},budget
148,#strength,{'strength'},strength
149,#pubg,"{'pub', 'g'}",pub g
150,#nffc,{'nffc'},nffc
151,#s04,{'s04'},s04
152,#discountonsmartphone,"{'discount', 'on', 'smartphone'}",discount on smartphone
153,#financialinclusion,"{'financial', 'inclusion'}",financial inclusion
154,#bse,{'bse'},bse
155,#hypertension,{'hypertension'},hypertension
156,#devices,{'devices'},devices
157,#bank,{'bank'},bank
158,#rotatingcamera,"{'rotating', 'camera'}",rotating camera
159,#ubsresearch,"{'research', 'ubs'}",research ubs
160,#climateaction,"{'action', 'climate'}",action climate
161,#expelgreene,"{'lg', 'greene', 'expel'}",lg greene expel
162,#tripontech,"{'on', 'trip', 'tech'}",on trip tech
163,#5gsmartphones,"{'5g', 'smartphones'}",5g smartphones
164,#techtips,{'techtips'},techtips
165,#smartphones,{'smartphones'},smartphones
166,#adsxetra,"{'ads', 'xetra'}",ads xetra
167,#blackindata,"{'in', 'XOLO', 'data', 'black'}",in XOLO data black
168,#hs2rebellion,"{'rebellion', 'hs2'}",rebellion hs2
169,#follow4follow,"{'follow', '4'}",follow 4
170,#ethiopia,{'ethiopia'},ethiopia
171,#financial,{'financial'},financial
172,#vetoviolence,"{'veto', 'violence'}",veto violence
173,#wholesale,{'wholesale'},wholesale
174,#builder,{'builder'},builder
175,#housebuilding,{'housebuilding'},housebuilding
176,#schoolsreopening,"{'schools', 'reopening'}",schools reopening
177,#kajal,{'kajal'},kajal
178,#yey,{'yey'},yey
179,#thewidgetguy,"{'the', 'guy', 'widget'}",the guy widget
180,#buy,{'buy'},buy
181,#bluebirds,{'bluebirds'},bluebirds
182,#psusnot4sale,"{'sale', 'psusnot4'}",sale psusnot4
183,#mobilephone,"{'mobile', 'obi', 'phone'}",mobile obi phone
184,#battleforeuston,"{'battle', 'euston', 'for'}",battle euston for
185,#modihaitomumkinhai,{'modihaitomumkinhai'},modihaitomumkinhai
186,#bilycash,"{'cash', 'bily'}",cash bily
187,#pfas,"{'pf', 'as'}",pf as
188,#shareyourwork,"{'share', 'your', 'work'}",share your work
189,#redteam,"{'red', 'team'}",red team
190,#heartmonth,"{'month', 'heart'}",month heart
191,#tech786,{'tech786'},tech786
192,#dell,{'dell'},dell
193,#bepositive,"{'positive', 'be'}",positive be
194,#top,{'top'},top
195,#androiddev,"{'android', 'dev'}",android dev
196,#savejpwishtown,"{'save', 'jp', 'town', 'wish'}",save jp town wish
197,#wordsintoaction,"{'into', 'words', 'action'}",into words action
198,#lifestyle,{'lifestyle'},lifestyle
199,#taxlaws,"{'laws', 'tax'}",laws tax
200,#pegasus,"{'pegasus', 'asus'}",pegasus asus
201,#feedly,"{'feed', 'ly'}",feed ly
202,#inwx,"{'in', 'wx'}",in wx
203,#chad,{'chad'},chad
204,#oneplusnordn1,"{'XOLO', 'OnePlus', 'oneplusnordn1'}",XOLO OnePlus oneplusnordn1
205,#wallstreetbets,"{'wallstreet', 'bets'}",wallstreet bets
206,#beatntds,"{'beat', 'ntds'}",beat ntds
207,#gurgaon,{'gurgaon'},gurgaon
208,#edmonton,{'edmonton'},edmonton
209,#internetbanking,"{'banking', 'internet'}",banking internet
210,#cartoon,{'cartoon'},cartoon
211,#donaldtrump,"{'donald', 'trump'}",donald trump
212,#exams2021,{'exams2021'},exams2021
213,#shriramcityunionfinance,"{'union', 'city', 'shriram', 'finance'}",union city shriram finance
214,#cdc,{'cdc'},cdc
215,#accessibility,{'accessibility'},accessibility
216,#vivo,{'vivo'},vivo
217,#internet,{'internet'},internet
218,#coupon,{'coupon'},coupon
219,#micromax5g,"{'max5g', 'micro'}",max5g micro
220,#ethiopian,{'ethiopian'},ethiopian
221,#4g,{'4g'},4g
222,#careercoach,"{'coach', 'career'}",coach career
223,#zeroevictionjanuary,"{'Meizu', 'zero', 'eviction', 'january'}",Meizu zero eviction january
224,#wealthlooters,"{'wealth', 'looters'}",wealth looters
225,#iam11thsiddharth,"{'iam11th', 'siddharth'}",iam11th siddharth
226,#galaxynote20ultra,"{'e20', 'ultra', 'Samsung', 'not', 'galaxy'}",e20 ultra Samsung not galaxy
227,#samsung,{'samsung'},samsung
228,#techsmartx,"{'smart', 'x', 'tech'}",smart x tech
229,#realmev11,"{'real', 'mev11', 'realme'}",real mev11 realme
230,#uttarakhand,"{'hand', 'uttar', 'ak'}",hand uttar ak
231,#audio,{'audio'},audio
232,#strikersigned,"{'signed', 'striker'}",signed striker
233,#alcohol,{'alcohol'},alcohol
234,#hackers,{'hackers'},hackers
235,#changes,{'changes'},changes
236,#newspicks,"{'news', 'picks'}",news picks
237,#prevent,"{'Palm', 'prevent'}",Palm prevent
238,#nufc,{'nufc'},nufc
239,#vivo#s7series,"{'vivos7', 'vivo', 'series'}",vivos7 vivo series
240,#depositscheme,"{'deposit', 'scheme'}",deposit scheme
241,#vivos7t5g#smartphone,"{'vivo', 'vivos7t5g', 'smartphone'}",vivo vivos7t5g smartphone
242,#unite2fightcorona,"{'fight', 'unite2', 'corona', 'htc'}",fight unite2 corona htc
243,#womenintech,"{'women', 'in', 'tech'}",women in tech
244,#iphone12promax,"{'Apple', 'iphone12promax'}",Apple iphone12promax
245,#mahiherambha,"{'her', 'am', 'bha', 'mahi'}",her am bha mahi
246,#wordpress,{'wordpress'},wordpress
247,#top100prospects,"{'prospects', 'to', 'p100'}",prospects to p100
248,#engineering,{'engineering'},engineering
249,#ai,"{'a', 'i'}",a i
250,#machinelearning,"{'learning', 'machine'}",learning machine
251,#qualcommsnapdragon860,"{'snapdragon', 'qualcomm', '860'}",snapdragon qualcomm 860
252,#vaccinessavelives,"{'save', 'lives', 'vaccines'}",save lives vaccines
253,#stocks,{'stocks'},stocks
254,#swadeshi,{'swadeshi'},swadeshi
255,#medtwitter,"{'twitter', 'med'}",twitter med
256,#adaani,"{'ani', 'ada'}",ani ada
257,#cofacecrc,"{'crc', 'coface'}",crc coface
258,#amitshah,"{'shah', 'it', 'am'}",shah it am
259,#fact,{'fact'},fact
260,#techblogs,"{'blogs', 'tech'}",blogs tech
261,#oppo,{'oppo'},oppo
262,#news,{'news'},news
263,#dhani,{'dhani'},dhani
264,#xisthefuture,"{'is', 'the', 'future', 'x'}",is the future x
265,#mobilegaming,"{'mobile', 'obi', 'gaming'}",mobile obi gaming
266,#desh,{'desh'},desh
267,#iot,"{'Benefon', 'iot'}",Benefon iot
268,#opporeno5pro,"{'opporeno5pro', 'oppo'}",opporeno5pro oppo
269,#gordonrees,"{'gordon', 'rees'}",gordon rees
270,#loans,{'loans'},loans
271,#creditcard,"{'card', 'credit'}",card credit
272,#elegant,{'elegant'},elegant
273,#newsclick,"{'news', 'click'}",news click
274,#motoedges,"{'edges', 'moto'}",edges moto
275,#rmf,{'rmf'},rmf
276,#agribudget21,{'agribudget21'},agribudget21
277,#kidneydisease,"{'kidney', 'disease'}",kidney disease
278,#facemasks,{'facemasks'},facemasks
279,#sharadarvindbobde,"{'arvind', 'bob', 'de', 'sharad'}",arvind bob de sharad
280,#money,{'money'},money
281,#atifaslamnewsong,"{'at', 'slam', 'new', 'song', 'a', 'if'}",at slam new song a if
282,#galaxys21,"{'Samsung', 'galaxy', 's21'}",Samsung galaxy s21
283,#devops,"{'ops', 'dev'}",ops dev
284,#icc,{'icc'},icc
285,#your50statepartner,"{'partner', 'your', '50', 'state'}",partner your 50 state
286,#realmex7series,"{'real', 'mex7', 'realme', 'series'}",real mex7 realme series
287,#determination,{'determination'},determination
288,#climaterisk,"{'climate', 'risk'}",climate risk
289,#firefighter,{'firefighter'},firefighter
290,#influencers,{'influencers'},influencers
291,#middleclass,"{'middle', 'class'}",middle class
292,#breakingnews,"{'news', 'breaking'}",news breaking
293,#galaxyzflip,"{'z', 'flip', 'galaxy', 'Samsung'}",z flip galaxy Samsung
294,#theclicon,"{'clic', 'on', 'the'}",clic on the
295,#xiaomiredmi4x,"{'xiaomiredmi4x', 'xiaomi'}",xiaomiredmi4x xiaomi
296,#askruhez,"{'ask', 'z', 'ruhe'}",ask z ruhe
297,#smarthome,{'smarthome'},smarthome
298,#counting,{'counting'},counting
299,#folllow,"{'foll', 'low'}",foll low
300,#finance,{'finance'},finance
301,#trending,{'trending'},trending
302,#quarantine,{'quarantine'},quarantine
303,#nationalsecurity,"{'security', 'national'}",security national
304,#quoteoftheday,"{'quote', 'the', 'of', 'day'}",quote the of day
305,#exynos2100,{'exynos2100'},exynos2100
306,#fulhamfc,"{'fulham', 'fc'}",fulham fc
307,#tamil,{'tamil'},tamil
308,#kotakbank,"{'bank', 'kotak'}",bank kotak
309,#myanmar,{'myanmar'},myanmar
310,#bankofbaroda,"{'bank', 'of', 'baroda'}",bank of baroda
311,#smartphonewallpaper,"{'smart', 'wallpaper', 'phone'}",smart wallpaper phone
312,#iphone,"{'phone', 'i'}",phone i
313,#vaccine,{'vaccine'},vaccine
314,#protection,{'protection'},protection
315,#chainlink,"{'link', 'chain'}",link chain
316,#glasses,{'glasses'},glasses
317,#borntobefylde,"{'born', 'be', 'to', 'fylde'}",born be to fylde
318,#maps,{'maps'},maps
319,#hrconsultant,"{'hr', 'consultant'}",hr consultant
320,#poribortoninbengal,"{'pori', 'in', 'borton', 'bengal'}",pori in borton bengal
321,#sabobde,"{'bob', 'de', 'sa'}",bob de sa
322,#blackshark4,"{'XOLO', 'shark4', 'black'}",XOLO shark4 black
323,#ptvnewstonight,"{'ptv', 'tonight', 'news'}",ptv tonight news
324,#virtualreality,"{'virtual', 'reality'}",virtual reality
325,#mcfc,{'mcfc'},mcfc
326,#oldies,{'oldies'},oldies
327,#xrpfiled,"{'filed', 'xrp'}",filed xrp
328,#operators,{'operators'},operators
329,#strengththroughpeace,"{'through', 'hp', 'strength', 'peace'}",through hp strength peace
330,#reno5pro5g,"{'reno5pro5g', 'Oppo'}",reno5pro5g Oppo
331,#qualcomm,{'qualcomm'},qualcomm
332,#raleighparks,"{'raleigh', 'parks', 'hp'}",raleigh parks hp
333,#india,{'india'},india
334,#protamine,{'protamine'},protamine
335,#5g,{'5g'},5g
336,#ambaani,"{'baan', 'am', 'i'}",baan am i
337,#helmet,{'helmet'},helmet
338,#phonescreen,"{'screen', 'phone'}",screen phone
339,#bbcnews,"{'news', 'bbc'}",news bbc
340,#pragatikahighway,"{'pragati', 'ka', 'highway'}",pragati ka highway
341,#cybersec,"{'sec', 'cyber'}",sec cyber
342,#charger,{'charger'},charger
343,#uva,{'uva'},uva
344,#hallabol,"{'a', 'bol', 'hall'}",a bol hall
345,#saudi,{'saudi'},saudi
346,#brokenscreen,"{'broken', 'screen'}",broken screen
347,#happyvalentinesday,"{'valentines', 'happy', 'day'}",valentines happy day
348,#best5gsmartphone,"{'5g', 'best', 'smartphone'}",5g best smartphone
349,#becausewebsitematters,"{'website', 'because', 'matters'}",website because matters
350,#covid19,{'covid19'},covid19
351,#jasly,"{'ja', 'sly'}",ja sly
352,#phonerepair,"{'repair', 'phone'}",repair phone
353,#datascience,"{'science', 'data'}",science data
354,#world,{'world'},world
355,#oneplusnord,"{'one', 'nord', 'plus', 'OnePlus', 'XOLO'}",one nord plus OnePlus XOLO
356,#nse2021outlook,"{'outlook', 'nse2021'}",outlook nse2021
357,#photography,{'photography'},photography
358,#construction,{'construction'},construction
359,#opporeno5pro5g#launching18thjan2021,"{'oppo', 'launching', 'opporeno5pro5g', '18thjan2021'}",oppo launching opporeno5pro5g 18thjan2021
360,#kamkibat,"{'at', 'kib', 'kam'}",at kib kam
361,#france,{'france'},france
362,#reopenschools,"{'schools', 'reopen'}",schools reopen
363,#un,{'un'},un
364,#sdrf,"{'rf', 'sd'}",rf sd
365,#google,{'google'},google
366,#spy,{'spy'},spy
367,#newsupdate,"{'update', 'news'}",update news
368,#5gphones,"{'5g', 'phones'}",5g phones
369,#banknifty,"{'bank', 'nifty'}",bank nifty
370,#cardiovascular,{'cardiovascular'},cardiovascular
371,#bhafc,"{'hafc', 'b'}",hafc b
372,#sooryavanshi,"{'ory', 'a', 'vans', 'hi', 'so'}",ory a vans hi so
373,#teckexperts,"{'teck', 'experts'}",teck experts
374,#ptifamily,"{'family', 'pti'}",family pti
375,#realmev115g,"{'real', 'mev115g', 'realme'}",real mev115g realme
376,#clicon,"{'on', 'clic'}",on clic
377,#600mp,{'600mp'},600mp
378,#endsars,"{'end', 'sars'}",end sars
379,#dotherightthing,"{'do', 'the', 'thing', 'right'}",do the thing right
380,#stpiindia,"{'stpi', 'india'}",stpi india
381,#suicide,{'suicide'},suicide
382,#inmobiles,"{'mobiles', 'in', 'obi'}",mobiles in obi
383,#5gvideo,"{'5g', 'video'}",5g video
384,#blogger,{'blogger'},blogger
385,#debit,{'debit'},debit
386,#tigraygenocide,"{'genocide', 'tigray'}",genocide tigray
387,#home,{'home'},home
388,#sleek,{'sleek'},sleek
389,#specification,{'specification'},specification
390,#employees,{'employees'},employees
391,#thread,{'thread'},thread
392,#provideo,{'provideo'},provideo
393,#femtech,"{'fem', 'tech'}",fem tech
394,#realmenewphone,"{'new', 'realme', 'real', 'phone', 'me'}",new realme real phone me
395,#digitalwallet,"{'digital', 'wallet'}",digital wallet
396,#disconights,"{'disco', 'nights'}",disco nights
397,#worldcancerday,"{'world', 'day', 'cancer'}",world day cancer
398,#barnsleyfc,"{'fc', 'barnsley'}",fc barnsley
399,#nohijabday,"{'hijab', 'day', 'no'}",hijab day no
400,#discomusic,"{'disco', 'music'}",disco music
401,#vivox60,"{'vivox60', 'vivo'}",vivox60 vivo
402,#nordn105g,"{'nordn105g', 'OnePlus'}",nordn105g OnePlus
403,#liquor,{'liquor'},liquor
404,#oralhealth,"{'oral', 'health'}",oral health
405,#exynos10805g,{'exynos10805g'},exynos10805g
406,#oldiesbutgoodies,"{'oldies', 'but', 'goodies'}",oldies but goodies
407,#gtufamily,"{'family', 'gtu'}",family gtu
408,#hitsecurity,"{'security', 'hit'}",security hit
409,#techtip,{'techtip'},techtip
410,#a825g,{'a825g'},a825g
411,#oppofindx3pro,"{'oppofindx3pro', 'oppo'}",oppofindx3pro oppo
412,#pakistan,{'pakistan'},pakistan
413,#ukedchat,"{'ed', 'uk', 'chat'}",ed uk chat
414,#flapol,"{'flap', 'ol'}",flap ol
415,#holiday,{'holiday'},holiday
416,#rahulvaidya,"{'rahul', 'vaidya'}",rahul vaidya
417,#covid19insa,{'covid19insa'},covid19insa
418,#vr,{'vr'},vr
419,#ml,{'ml'},ml
420,#rejectthemilitary,"{'the', 'military', 'reject'}",the military reject
421,#healthcarelaw,"{'law', 'healthcare'}",law healthcare
422,#kpsehatcardplus,"{'plus', 'pse', 'hat', 'card', 'k'}",plus pse hat card k
423,#4xl,{'4xl'},4xl
424,#pwparty20,{'pwparty20'},pwparty20
425,#digitalsavingaccount,"{'account', 'digital', 'saving'}",account digital saving
426,#boya,"{'a', 'boy'}",a boy
427,#techsinghboy,"{'boy', 'singh', 'tech'}",boy singh tech
428,#nipah,{'nipah'},nipah
429,#disruption,{'disruption'},disruption
430,#onted,"{'on', 'ted'}",on ted
431,#whereisu,"{'isu', 'where'}",isu where
432,#cellphonesandaccessories,"{'cell', 'and', 'phones', 'accessories'}",cell and phones accessories
433,#familyhistorymatters,"{'history', 'family', 'matters'}",history family matters
434,#gelato,{'gelato'},gelato
435,#pixel,"{'Google', 'pixel'}",Google pixel
436,#riskmanagement,"{'risk', 'management'}",risk management
437,#care,{'care'},care
438,#rera,"{'ra', 're'}",ra re
439,#staking,{'staking'},staking
440,#covid,"{'co', 'vid'}",co vid
441,#iphone12pro,"{'Apple', 'iphone12pro'}",Apple iphone12pro
442,#asus,{'asus'},asus
443,#nord,"{'nord', 'OnePlus'}",nord OnePlus
444,#cellular,{'cellular'},cellular
445,#siem,{'siem'},siem
446,#budgetphone,"{'budget', 'phone'}",budget phone
447,#ippbmobileapp,"{'ppb', 'i', 'mobile', 'app', 'obi'}",ppb i mobile app obi
448,#litigation,{'litigation'},litigation
449,#tgfamily,"{'tg', 'family'}",tg family
450,#transfers,{'transfers'},transfers
451,#take,{'take'},take
452,#mi10price,"{'mi10', 'price'}",mi10 price
453,#trudeauactnow,"{'now', 'trudeau', 'act'}",now trudeau act
454,#lifesavingacts,"{'lifesaving', 'acts'}",lifesaving acts
455,#lifecertificate,"{'certificate', 'life'}",certificate life
456,#disable,{'disable'},disable
457,#bajajfinance,"{'bajaj', 'finance'}",bajaj finance
458,#onpoli,"{'on', 'poli'}",on poli
459,#electronics,{'electronics'},electronics
460,#features,{'features'},features
461,#funk,{'funk'},funk
462,#mppolicebharti2020,{'mppolicebharti2020'},mppolicebharti2020
463,#designtwitter,"{'twitter', 'design'}",twitter design
464,#2021,"{'2021', 'i'}",2021 i
465,#itelsmartphones,"{'tel', 'smartphones', 'i'}",tel smartphones i
466,#thursdayvibes,"{'thursday', 'vibes'}",thursday vibes
467,#business,{'business'},business
468,#tot,{'tot'},tot
469,#risk,{'risk'},risk
470,#psychosis,{'psychosis'},psychosis
471,#sb498,{'sb498'},sb498
472,#design,{'design'},design
473,#allow,{'allow'},allow
474,##reset,{'reset'},reset
475,#wireless,{'wireless'},wireless
476,#redmi,"{'red', 'mi'}",red mi
477,#businessowners,"{'owners', 'business'}",owners business
478,#4k,{'4k'},4k
479,#wildlifephotography,"{'photography', 'wildlife'}",photography wildlife
480,#latestindustrynews,"{'latest', 'industry', 'news'}",latest industry news
481,#rakhisawant,"{'sawant', 'rakhi'}",sawant rakhi
482,#wifi,{'wifi'},wifi
483,#parliamentsession,"{'session', 'parliament'}",session parliament
484,#snapdragon,{'snapdragon'},snapdragon
485,#motorolaedges,"{'motorola', 'edges'}",motorola edges
486,#faug,"{'f', 'aug'}",f aug
487,#golddeposit,"{'deposit', 'gold'}",deposit gold
488,#realmex2pro,"{'real', 'mex2pro', 'realme'}",real mex2pro realme
489,#vivoy31,"{'vivo', 'vivoy31'}",vivo vivoy31
490,#startups,"{'Plum', 'startups'}",Plum startups
491,#psycho,{'psycho'},psycho
492,#faq,{'faq'},faq
493,#unscactnow,"{'act', 'now', 'unsc'}",act now unsc
494,#ar,{'ar'},ar
495,#environmentalcrimes,"{'environmental', 'crimes'}",environmental crimes
496,#covid19sa,{'covid19sa'},covid19sa
497,#nice,{'nice'},nice
498,#samsunga52,"{'samsung', 'a52'}",samsung a52
499,#farmersprotestdelhi2020,"{'protest', 'delhi', '2020', 'farmers'}",protest delhi 2020 farmers
500,#covidwarriors,"{'warriors', 'co', 'vid'}",warriors co vid
501,#oafc,"{'o', 'afc'}",o afc
502,#mimobile,"{'mobile', 'mi', 'imo', 'obi'}",mobile mi imo obi
503,#mobilephoto,"{'mobile', 'photo', 'obi'}",mobile photo obi
504,#ps5,{'ps5'},ps5
505,#myth,{'myth'},myth
506,#aipowered,"{'a', 'i', 'powered'}",a i powered
507,#lg,{'lg'},lg
508,#lcog,"{'cog', 'l'}",cog l
509,#nordn15g,"{'nordn15g', 'OnePlus'}",nordn15g OnePlus
510,#datachor,"{'data', 'chor'}",data chor
511,#galaxy,"{'galaxy', 'Samsung'}",galaxy Samsung
512,#operationhaftavasoli,"{'va', 'operation', 'soli', 'hafta'}",va operation soli hafta
513,#bjp,{'bjp'},bjp
514,#motorola,{'motorola'},motorola
515,#hs2,{'hs2'},hs2
516,#bfbchampions,"{'bfb', 'champions'}",bfb champions
517,#lenovo,{'lenovo'},lenovo
518,#ilwx,"{'il', 'wx'}",il wx
519,#blendedfinance,"{'finance', 'blended'}",finance blended
520,#morning,{'morning'},morning
521,#propertyrecords,"{'property', 'records'}",property records
522,#mobilephones,"{'mobile', 'phones', 'obi'}",mobile phones obi
523,#fcc,{'fcc'},fcc
524,#108mpcameraphone,"{'108mp', 'camera', 'phone'}",108mp camera phone
525,#70s,{'70s'},70s
526,#shameonyou,"{'you', 'on', 'shame'}",you on shame
527,#redirect,{'redirect'},redirect
528,#willock,{'willock'},willock
529,#ctbot,"{'ct', 'bot'}",ct bot
530,#rrb9injustice,"{'injustice', 'rrb9'}",injustice rrb9
531,#scam,{'scam'},scam
532,#launching,{'launching'},launching
533,#realmerace,"{'real', 'race', 'realme', 'me'}",real race realme me
534,#electionassurance,"{'assurance', 'election'}",assurance election
535,#defi,{'defi'},defi
536,#ngo,{'ngo'},ngo
537,#gcruralsurvey,"{'rural', 'gc', 'survey'}",rural gc survey
538,#valentinesday,"{'valentines', 'day'}",valentines day
539,#rajasthannewexcisepolicy,"{'rajasthan', 'policy', 'new', 'excise'}",rajasthan policy new excise
540,#public,{'public'},public
541,#latestnews,"{'latest', 'news'}",latest news
542,#pawrihorihai,"{'paw', 'hai', 'hori', 'ri'}",paw hai hori ri
543,#yasminrashid,"{'yasmin', 'rashid'}",yasmin rashid
544,#600megapixel,"{'600', 'megapixel'}",600 megapixel
545,#dhauliganga,"{'d', 'ganga', 'i', 'haul'}",d ganga i haul
546,#remoteworkers,"{'remote', 'workers'}",remote workers
547,#banknews,"{'bank', 'news'}",bank news
548,#statebankofindia,"{'bank', 'of', 'state', 'india'}",bank of state india
549,#artificialintelligence,"{'artificial', 'intelligence'}",artificial intelligence
550,#microphone,{'microphone'},microphone
551,#ios,"{'Benefon', 'ios'}",Benefon ios
552,#iamandiwill,"{'and', 'will', 'am', 'i'}",and will am i
553,#malebreastcancer,"{'breast', 'cancer', 'male'}",breast cancer male
554,#nobodyisdisposable,"{'is', 'disposable', 'nobody'}",is disposable nobody
555,#technews,{'technews'},technews
556,#makeschoolssafe,"{'schools', 'safe', 'make'}",schools safe make
557,#euston,{'euston'},euston
558,#finserv,"{'fin', 'serv'}",fin serv
559,#january,{'january'},january
560,#dnsserver,"{'server', 'dns'}",server dns
561,#mobility,"{'mobility', 'obi'}",mobility obi
562,#gahlot,"{'gah', 'lot'}",gah lot
563,#cybersecurity#cyber,"{'cybersecurity', 'cyber'}",cybersecurity cyber
564,#blog,{'blog'},blog
565,#xperiencethefuture,"{'the', 'xperience', 'future'}",the xperience future
566,#honor,{'honor'},honor
567,#heartdisease,"{'disease', 'heart'}",disease heart
568,#legal,{'legal'},legal
569,#louisvuitton,"{'louis', 'vuitton'}",louis vuitton
570,#allahabad,{'allahabad'},allahabad
571,#lumen,{'lumen'},lumen
572,#nowplaying,"{'now', 'playing'}",now playing
573,#mppolicenotificationdedo,"{'do', 'mp', 'de', 'notification', 'police'}",do mp de notification police
574,#lyon,{'lyon'},lyon
575,#loanapp,{'loanapp'},loanapp
576,#modifuelscam,"{'modi', 'scam', 'fuel'}",modi scam fuel
577,#redmik40,"{'Xiaomi', 'redmik40'}",Xiaomi redmik40
578,#ugh,{'ugh'},ugh
579,#technologynews,"{'technology', 'news'}",technology news
580,#tech4all,"{'all', 'tech4'}",all tech4
581,#resumeservice,"{'service', 'resume'}",service resume
582,#jsbank,"{'js', 'bank'}",js bank
583,#countonus,"{'count', 'on', 'us'}",count on us
584,#dsbapp,"{'app', 'dsb'}",app dsb
585,#thfc,"{'fc', 'th'}",fc th
586,#gamers,{'gamers'},gamers
587,#blesstheblue,"{'bless', 'the', 'blue'}",bless the blue
588,#samsunggalaxya82,"{'samsung', 'a82', 'galaxy'}",samsung a82 galaxy
589,#nasdaq,{'nasdaq'},nasdaq
590,#gstamnesty,"{'amnesty', 'gst'}",amnesty gst
591,#dns,{'dns'},dns
592,#samsungexynos,"{'samsung', 'nos', 'exy'}",samsung nos exy
593,#irishangel,"{'irish', 'angel'}",irish angel
594,#tech,{'tech'},tech
595,#cdnpoli,"{'poli', 'cdn'}",poli cdn
596,#speakupforkashmir,"{'kashmir', 'for', 'up', 'speak'}",kashmir for up speak
597,#telecoms,{'telecoms'},telecoms
598,#napierbarracks,"{'napier', 'barracks'}",napier barracks
599,#100daysofcode,"{'100', 'days', 'of', 'code'}",100 days of code
600,#beirut,{'beirut'},beirut
601,#concussions,{'concussions'},concussions
602,#gstlatefeemaximum500,"{'maximum', 'fee', '500', 'late', 'gst'}",maximum fee 500 late gst
603,#vivov20,"{'vivov20', 'vivo'}",vivov20 vivo
604,#speciesatrisk,"{'species', 'risk', 'at'}",species risk at
605,#reporterdiary,"{'reporter', 'diary'}",reporter diary
606,#redminote10,"{'redminote10', 'Xiaomi'}",redminote10 Xiaomi
607,#oppoencox,"{'en', 'cox', 'oppo'}",en cox oppo
608,#afc,{'afc'},afc
609,#intraday,{'intraday'},intraday
610,#reservebankofindia,"{'bank', 'reserve', 'of', 'india'}",bank reserve of india
611,#cheatedhomebuyers,"{'cheated', 'home', 'buyers'}",cheated home buyers
612,#healthcareworkers,"{'workers', 'healthcare'}",workers healthcare
613,#splunk,{'splunk'},splunk
614,#realme,"{'real', 'realme', 'me'}",real realme me
615,#simcard,"{'card', 'sim'}",card sim
616,#xiaomi,"{'mi', 'xiao', 'xiaomi'}",mi xiao xiaomi
617,#pocox2,{'pocox2'},pocox2
618,#freecoaching,"{'coaching', 'free'}",coaching free
619,#prnews,"{'pr', 'news'}",pr news
620,#dyk,{'dyk'},dyk
621,#godimedia,"{'god', 'media', 'i'}",god media i
622,#aungsansuukyigovernment,"{'government', 'kyi', 'san', 'aung', 'suu'}",government kyi san aung suu
623,#reward,{'reward'},reward
624,#wbafc,"{'afc', 'wb'}",afc wb
625,#gstamnestywithitc,"{'c', 'amnesty', 'with', 'it', 'gst'}",c amnesty with it gst
626,#bestech,"{'be', 's', 'tech'}",be s tech
627,#dhflscam,"{'fl', 'dh', 'scam'}",fl dh scam
628,#schizophrenia,{'schizophrenia'},schizophrenia
629,#tehnology,{'tehnology'},tehnology
630,#vivoindia,"{'vivo', 'india'}",vivo india
631,#wba,{'wba'},wba
632,#techsmartxupdates,"{'updates', 'smart', 'x', 'tech'}",updates smart x tech
633,#shopping,{'shopping'},shopping
634,#exynos21005g,{'exynos21005g'},exynos21005g
635,#realmex7pro,"{'real', 'mex7pro', 'realme'}",real mex7pro realme
636,#samsunggalaxya325g,"{'samsung', 'a325g', 'galaxy'}",samsung a325g galaxy
637,#rangersfc,"{'fc', 'rangers'}",fc rangers
638,#saintsfc,"{'fc', 'saints'}",fc saints
639,#anywherebanking,"{'anywhere', 'banking'}",anywhere banking
640,#afghanistan,{'afghanistan'},afghanistan
641,#infosec,{'infosec'},infosec
642,#appsec,"{'app', 'sec'}",app sec
643,#mls,{'mls'},mls
644,#imrankhan,"{'imran', 'khan'}",imran khan
645,#nbfc,"{'nb', 'fc'}",nb fc
646,#alygoni,"{'lygon', 'a', 'i'}",lygon a i
647,#update,{'update'},update
648,#pnefcs,"{'fcs', 'pne'}",fcs pne
649,#pfrda,"{'pfr', 'da'}",pfr da
650,#china,{'china'},china
651,#hdfcbank,"{'bank', 'hdfc'}",bank hdfc
652,#deshkagaurav,"{'gaurav', 'a', 'hk', 'des'}",gaurav a hk des
653,#stopecocide,"{'eco', 'stop', 'cide'}",eco stop cide
654,#school,{'school'},school
655,#boro,{'boro'},boro
656,#medhajnews,"{'haj', 'news', 'med'}",haj news med
657,#samsunggalaxys21ultra,"{'samsung', 'ultra', 'galaxy', 's21'}",samsung ultra galaxy s21
658,#loanscam,"{'loans', 'cam'}",loans cam
659,#flat,{'flat'},flat
660,#letspush,"{'lets', 'push'}",lets push
661,#npa,{'npa'},npa
662,#bankholiday,"{'holiday', 'bank'}",holiday bank
663,#industrynews,"{'industry', 'news'}",industry news
664,#torture,{'torture'},torture
665,#iranianstudentsvisaappointments,"{'appointments', 'visa', 'iranian', 'students'}",appointments visa iranian students
666,#nirmalasitaraman,"{'nirmala', 'sitaram', 'an'}",nirmala sitaram an
667,#sale,{'sale'},sale
668,#truebalance,"{'true', 'balance'}",true balance
669,#euirelandwales,"{'wales', 'eu', 'ireland'}",wales eu ireland
670,#ta1323,{'ta1323'},ta1323
671,#climate,{'climate'},climate
672,#cloudpov,"{'cloud', 'pov'}",cloud pov
673,#kooapp,"{'app', 'koo'}",app koo
674,#tech4youthaction,"{'action', 'tech4', 'youth'}",action tech4 youth
675,#wifialliance,"{'alliance', 'wifi'}",alliance wifi
676,#smartwatch,"{'smart', 'watch'}",smart watch
677,#cloudcomputing,"{'cloud', 'computing'}",cloud computing
678,#good,{'good'},good
679,#twitterblades,"{'twitter', 'blades'}",twitter blades
680,#rahulbe,"{'be', 'rahul'}",be rahul
681,#trojans,{'trojans'},trojans
682,#sbi,{'sbi'},sbi
683,#freeiaspcscoaching,"{'free', 'i', 'coaching', 'pcs', 'spc', 'as'}",free i coaching pcs spc as
684,#pc,{'pc'},pc
685,#mask,{'mask'},mask
686,#homebuyers,"{'home', 'buyers'}",home buyers
687,#trumpisacriminal,"{'is', 'a', 'trump', 'criminal'}",is a trump criminal
688,#wedidntstartthefire,"{'fire', 'we', 'didnt', 'the', 'start'}",fire we didnt the start
689,#swapnildeshmukh,"{'deshmukh', 'nil', 'swap'}",deshmukh nil swap
690,#coronavirusfrauds,"{'frauds', 'coronavirus'}",frauds coronavirus
691,#cancelofflineexamaktu,"{'offline', 'cancel', 'a', 'exam', 'ktu'}",offline cancel a exam ktu
692,#jasminbhasin,"{'jasmin', 'bhasin'}",jasmin bhasin
693,#cameras,{'cameras'},cameras
694,#pitchwars,"{'pitch', 'Sharp', 'wars'}",pitch Sharp wars
695,#android,{'android'},android
696,#mobilegames,"{'mobile', 'obi', 'games'}",mobile obi games
697,#aml,{'aml'},aml
698,#xiaomimi11,"{'xiaomi', 'xiaomimi11'}",xiaomi xiaomimi11
699,#msp,{'msp'},msp
700,#karznahifarzbhi,{'karznahifarzbhi'},karznahifarzbhi
701,#bhadekatattu,"{'attu', 'ekat', 'had', 'b'}",attu ekat had b
702,#industry,{'industry'},industry
703,#motivationmonday,"{'motivation', 'monday'}",motivation monday
704,#bengalneedsleft,"{'bengal', 'needs', 'left'}",bengal needs left
705,#smart,{'smart'},smart
706,#goals,{'goals'},goals
707,#farmbills2020,{'farmbills2020'},farmbills2020
708,#cleanenergy,"{'clean', 'energy'}",clean energy
709,#brosphoneparts,"{'parts', 'bros', 'phone'}",parts bros phone
710,#motog5g,"{'Motorola', 'motog5g'}",Motorola motog5g
711,#menshealth,"{'mens', 'health'}",mens health
712,#askarun,"{'ask', 'a', 'run'}",ask a run
713,#jio,"{'jio', 'j', 'io'}",jio j io
714,#network,{'network'},network
715,#rememberyouroath,"{'oath', 'your', 'remember'}",oath your remember
716,#therobotmagazine,"{'magazine', 'robot', 'the'}",magazine robot the
717,#awaazstory,"{'az', 'awa', 'story'}",az awa story
718,#charity,{'charity'},charity
719,#reals,{'reals'},reals
720,#greatdeal,"{'great', 'deal'}",great deal
721,#smarttecnhology,"{'ology', 'smart', 'tec', 'nh'}",ology smart tec nh
722,#banloanapps,"{'apps', 'loan', 'ban'}",apps loan ban
723,#flex,{'flex'},flex
724,#galaxya82,"{'a82', 'galaxy', 'Samsung'}",a82 galaxy Samsung
725,#moto,{'moto'},moto
726,#neu,{'neu'},neu
727,#ad,{'ad'},ad
728,#cars,{'cars'},cars
729,#hearthealth,"{'heart', 'health'}",heart health
730,#tradingtips,"{'trading', 'tips'}",trading tips
731,#nyleg,"{'leg', 'ny'}",leg ny
732,#digitalindia,"{'digital', 'india'}",digital india
733,#lfc,{'lfc'},lfc
734,#redminote10pro,"{'Xiaomi', 'redminote10pro'}",Xiaomi redminote10pro
735,#lebanon,{'lebanon'},lebanon
736,#anime,{'anime'},anime
737,#samsunggalaxys21,"{'samsung', 'galaxy', 's21'}",samsung galaxy s21
738,#mi11ultra,"{'mi11', 'ultra', 'Xiaomi'}",mi11 ultra Xiaomi
739,#usa,{'usa'},usa
740,#vivoy51s,"{'vivo', 'vivoy51s'}",vivo vivoy51s
741,#itsecurity,"{'security', 'it'}",security it
742,#encryption,{'encryption'},encryption
743,#realmev15,"{'real', 'mev15', 'realme'}",real mev15 realme
744,#sherandlaila,"{'and', 'laila', 'sher'}",and laila sher
745,#beirutblast,"{'beirut', 'blast'}",beirut blast
746,#techblog,{'techblog'},techblog
747,#williesmith,"{'willie', 'smith'}",willie smith
748,#puresoulsushant,"{'soul', 'pure', 'sushant'}",soul pure sushant
749,#phonemafia,"{'mafia', 'phone'}",mafia phone
750,#mi11,"{'mi11', 'Xiaomi'}",mi11 Xiaomi
751,#xiaomimi11lite,"{'xiaomimi11lite', 'xiaomi'}",xiaomimi11lite xiaomi
752,#worldntdday,"{'world', 'day', 'ntd'}",world day ntd
753,#cardiometabolic,"{'cardio', 'metabolic'}",cardio metabolic
754,#daytrading,"{'day', 'trading'}",day trading
755,#niftybank,"{'bank', 'nifty'}",bank nifty
756,#direstraits,"{'straits', 'dire'}",straits dire
757,#computer,{'computer'},computer
758,#pedsicu,"{'peds', 'icu'}",peds icu
759,#cji,{'cji'},cji
760,#edutwitter,"{'twitter', 'edu'}",twitter edu
761,#modi,{'modi'},modi
762,#vivox60pro,"{'vivox60pro', 'vivo'}",vivox60pro vivo
763,#gearbest,"{'gear', 'best'}",gear best
764,#fintech,"{'fin', 'tech'}",fin tech
765,#cx,{'cx'},cx
766,#3g,"{'Fairphone', '3g'}",Fairphone 3g
767,#familymeeting,"{'meeting', 'family'}",meeting family
768,#americanheartmonth,"{'month', 'heart', 'american'}",month heart american
769,#eflhub,"{'efl', 'hub'}",efl hub
770,#smartgadget,"{'smart', 'gadget'}",smart gadget
771,#wifi7,{'wifi7'},wifi7
772,#stophs2,{'stophs2'},stophs2
773,#privatebank,"{'BlackBerry', 'bank', 'private'}",BlackBerry bank private
774,#like4like,"{'like', '4'}",like 4
775,#augmentedreality,"{'augmented', 'reality'}",augmented reality
776,#ops,{'ops'},ops
777,#spurs,{'spurs'},spurs
778,#indigenous,{'indigenous'},indigenous
779,#techhacks,"{'hacks', 'tech'}",hacks tech
780,#madeinindia,"{'made', 'in', 'india'}",made in india
781,#mobile,"{'mobile', 'obi'}",mobile obi
782,#zte,{'zte'},zte
783,#ux,{'ux'},ux
784,#tunnel,{'tunnel'},tunnel
785,#silversqueeze,"{'silver', 'squeeze'}",silver squeeze
786,#bcpoli,"{'poli', 'bc'}",poli bc
787,#dutywithhumanity,"{'humanity', 'with', 'duty'}",humanity with duty
788,#mr,{'mr'},mr
789,#videoisfuture,"{'is', 'video', 'future'}",is video future
790,#poco,{'poco'},poco
791,#srilanka,{'srilanka'},srilanka
792,#diabetes,{'diabetes'},diabetes
793,#gurugram,"{'gram', 'guru'}",gram guru
794,#ownvoices,"{'own', 'voices'}",own voices
795,#passiton,"{'pass', 'on', 'it'}",pass on it
796,#deeplearning,"{'deep', 'learning'}",deep learning
797,#socialimpact,"{'social', 'impact'}",social impact
798,#ipledgesafebanking,"{'safe', 'banking', 'i', 'pledge'}",safe banking i pledge
799,#mercatom,"{'mercato', 'm'}",mercato m
800,#ban,{'ban'},ban
801,#indiabeingsilenced,"{'india', 'silenced', 'being'}",india silenced being
802,#onlinelearning,"{'learning', 'online'}",learning online
803,#businessagility,"{'agility', 'business'}",agility business
804,#mi11lite,"{'Xiaomi', 'mi11lite'}",Xiaomi mi11lite
805,#gadget,{'gadget'},gadget
806,#bravery,{'bravery'},bravery
807,#hradvisor,"{'hr', 'advisor'}",hr advisor
808,#snapdragon690soc,"{'snapdragon', '690soc'}",snapdragon 690soc
809,#shipping,{'shipping'},shipping
810,#optimism,{'optimism'},optimism
811,#gadgets,{'gadgets'},gadgets
812,#nirmlasitaraman,"{'mla', 'nir', 'an', 'sitaram'}",mla nir an sitaram
813,#conservation,{'conservation'},conservation
814,#sharktank,"{'tank', 'shark'}",tank shark
815,#rozgardo,"{'do', 'gar', 'roz'}",do gar roz
816,#banloan,"{'loan', 'ban'}",loan ban
817,#ruralindia,"{'rural', 'india'}",rural india
818,#itsnotok,"{'its', 'not', 'ok'}",its not ok
819,#bhartiairtel,"{'bharti', 'airtel'}",bharti airtel
820,#insecureborrowers,"{'borrowers', 'insecure'}",borrowers insecure
821,#banks,{'banks'},banks
822,#galaxyzflip5g,"{'zflip5g', 'galaxy', 'Samsung'}",zflip5g galaxy Samsung
823,#bsc,{'bsc'},bsc
824,#brisket,{'brisket'},brisket
825,#dental,{'dental'},dental
826,#invest,{'invest'},invest
827,#lvforunicef,"{'unicef', 'lv', 'for'}",unicef lv for
828,#1,{'1'},1
829,#studentloans,"{'loans', 'student'}",loans student
830,#health,{'health'},health
831,#financeminister,"{'minister', 'finance'}",minister finance
832,#pocox3pro,"{'pocox3pro', 'Xiaomi'}",pocox3pro Xiaomi
833,#wafc,"{'afc', 'w'}",afc w
834,#justiceforrinkusharma,"{'rinku', 'justice', 'sharma', 'for'}",rinku justice sharma for
835,#entrepreneurs,{'entrepreneurs'},entrepreneurs
836,#linux,{'linux'},linux
837,#extenditr1920,"{'r1920', 'it', 'extend'}",r1920 it extend
838,#airtel,{'airtel'},airtel
839,#redmik305g,{'redmik305g'},redmik305g
840,#businesscoach,"{'coach', 'business'}",coach business
841,#aktustudentswantjustice,"{'want', 'a', 'students', 'ktu', 'justice'}",want a students ktu justice
842,#rethinktechnology,"{'rethink', 'technology'}",rethink technology
843,#media,{'media'},media
844,#rubinadilaik,"{'adil', 'aik', 'rubin'}",adil aik rubin
845,#25000,{'25000'},25000
846,#norentforstudentsinmp,"{'rent', 'in', 'students', 'mp', 'no', 'for'}",rent in students mp no for
847,#banking,{'banking'},banking
848,#upthestones,"{'the', 'up', 'stones'}",the up stones
849,#airtel5g,{'airtel5g'},airtel5g
850,#bbcfootball,"{'football', 'bbc'}",football bbc
851,#iost,"{'ost', 'Benefon', 'i'}",ost Benefon i
852,#sulthan,"{'than', 'sul'}",than sul
853,#bidkin,"{'kin', 'bid'}",kin bid
854,#workperks,"{'perks', 'work'}",perks work
855,#covidvaccine,"{'vaccine', 'co', 'vid'}",vaccine co vid
856,#crossrail,{'crossrail'},crossrail
857,#operationhaftavasooli,"{'operation', 'oli', 'vaso', 'hafta'}",operation oli vaso hafta
858,#dsb,{'dsb'},dsb
859,#whateverittakes,"{'it', 'takes', 'whatever'}",it takes whatever
860,#susmayacaz,"{'sus', 'az', 'ac', 'may'}",sus az ac may
861,#instalike,"{'like', 'insta'}",like insta
862,#locate,{'locate'},locate
863,#sentinelsonrail,"{'on', 'sentinels', 'rail'}",on sentinels rail
864,#farmersprotest,"{'protest', 'farmers'}",protest farmers
865,#allbrands,"{'all', 'brands'}",all brands
866,#cashwithdrawal,"{'cash', 'withdrawal'}",cash withdrawal
867,#watford,{'watford'},watford
868,#realmex7,"{'real', 'mex7', 'realme'}",real mex7 realme
869,#schoolsaresafe,"{'schools', 'safe', 'are'}",schools safe are
870,#socialmedia,"{'social', 'media'}",social media
871,#pension,{'pension'},pension
872,#devcommunity,"{'community', 'dev'}",community dev
873,#hidden,{'hidden'},hidden
874,#phones,{'phones'},phones
875,#pmkusumyojnacomponenta,"{'kusum', 'jna', 'pm', 'component', 'a', 'yo'}",kusum jna pm component a yo
876,#lawfirm,"{'law', 'firm'}",law firm
877,#teachers,{'teachers'},teachers
878,#unionbudget2021,"{'union', 'budget', '2021'}",union budget 2021
879,#pmo,{'pmo'},pmo
880,#automotive,{'automotive'},automotive
881,#haftavasooli,"{'oli', 'vaso', 'hafta'}",oli vaso hafta
882,#mi,{'mi'},mi
883,#doge,{'doge'},doge
884,#safersupply,"{'safer', 'supply'}",safer supply
885,#enmnewspolitics,"{'politics', 'enm', 'news'}",politics enm news
886,#closebank,"{'bank', 'close'}",bank close
887,#cheapest5gphone,"{'5g', 'cheapest', 'phone'}",5g cheapest phone
888,#noaa,{'noaa'},noaa
889,#digital,{'digital'},digital
890,#newsmax,{'newsmax'},newsmax
891,#spspchat,"{'spc', 's', 'psp', 'chat'}",spc s psp chat
892,#techsmartxteam,"{'smart', 'team', 'x', 'tech'}",smart team x tech
893,#trumpisanationalsecuritythreat,"{'security', 'a', 'national', 'threat', 'is', 'trump'}",security a national threat is trump
894,#bitcoin,"{'bit', 'coin'}",bit coin
895,#stevengerrard,"{'gerrard', 'steven'}",gerrard steven
896,#weekly,{'weekly'},weekly
897,#approve,{'approve'},approve
898,#togetherwedeliver,"{'we', 'deliver', 'together'}",we deliver together
899,#icicibank,{'icicibank'},icicibank
900,#loan,{'loan'},loan
901,#genetics,{'genetics'},genetics
902,#directdilse,"{'d', 'direct', 'ilse'}",d direct ilse
903,#game,{'game'},game
904,#micromaxisback,"{'maxis', 'micro', 'back'}",maxis micro back
905,#april,{'april'},april
906,#vivoz6,"{'vivoz6', 'vivo'}",vivoz6 vivo
907,#paris,{'paris'},paris
908,#bestsmartphone,"{'best', 'smartphone'}",best smartphone
909,#blackinneuro,"{'euro', 'XOLO', 'inn', 'black'}",euro XOLO inn black
910,#makeapromise,"{'promise', 'a', 'make'}",promise a make
911,#gsm,{'gsm'},gsm
912,#hardware,{'hardware'},hardware
913,#karnan,"{'karn', 'an'}",karn an
914,#oppo#smartphone,"{'oppo', 'smartphone'}",oppo smartphone
915,#fcb,{'fcb'},fcb
916,#saveus,"{'save', 'us'}",save us
917,#teamom,"{'team', 'om'}",team om
918,#s,{'s'},s
919,#diet,{'diet'},diet
920,#personalloan,"{'personal', 'loan'}",personal loan
921,#rubinaforthewin,"{'win', 'rubina', 'the', 'for'}",win rubina the for
922,#yorkshire,{'yorkshire'},yorkshire
923,#gadgetnews,"{'gadget', 'news'}",gadget news
924,#agerelaxation4ews,"{'age', 'relaxation', '4ews'}",age relaxation 4ews
925,#hasbro,{'hasbro'},hasbro
926,#x60,"{'vivo', 'x60'}",vivo x60
927,#likeforlike,"{'like', 'for'}",like for
928,#serverless,{'serverless'},serverless
929,#clubhouse,{'clubhouse'},clubhouse
930,#hijab,{'hijab'},hijab
931,#doorstepbanking,"{'doorstep', 'banking'}",doorstep banking
932,#rt,{'rt'},rt
933,#motivation,{'motivation'},motivation
934,#doctor,{'doctor'},doctor
935,#verizon,{'verizon'},verizon
936,#where,{'where'},where
937,#happybirthdaysachin,"{'birthday', 'happy', 'sachin'}",birthday happy sachin
938,#helpmyanmar,"{'myanmar', 'help'}",myanmar help
939,#arabicemirates,"{'emirates', 'arabic'}",emirates arabic
940,#webinar,{'webinar'},webinar
941,#businesstransformation,"{'transformation', 'business'}",transformation business
942,#immediately,{'immediately'},immediately
943,#beansw,"{'w', 'beans'}",w beans
944,#futuretechnology,"{'technology', 'future'}",technology future
945,#data,{'data'},data
946,#tip,{'tip'},tip
947,#lockdown,{'lockdown'},lockdown
948,#smarthomes,"{'homes', 'smart'}",homes smart
949,#rbi,{'rbi'},rbi
950,#automation,{'automation'},automation
951,#protectwhatyoulove,"{'you', 'love', 'protect', 'what'}",you love protect what
952,#politics,{'politics'},politics
953,#divergentdigital,"{'digital', 'divergent'}",digital divergent
954,#stopprivatizationofbank,"{'of', 'bank', 'stop', 'privatization'}",of bank stop privatization
955,#spectrum,{'spectrum'},spectrum
956,#mancity,"{'man', 'city'}",man city
957,#budget2021,"{'budget', '2021'}",budget 2021
958,#processor,{'processor'},processor
959,#ssd,{'ssd'},ssd
960,#tigraycantwait,"{'wait', 'tigray', 'cant'}",wait tigray cant
961,#dcfc,{'dcfc'},dcfc
962,#february,{'february'},february
963,#pvfc,"{'pv', 'fc'}",pv fc
964,#mppolicebhartinotificationded,"{'ded', 'mp', 'bharti', 'notification', 'police'}",ded mp bharti notification police
965,#isd2021myk,{'isd2021myk'},isd2021myk
966,#psg,{'psg'},psg
967,#batterylife,"{'battery', 'life'}",battery life
968,#cellphone,"{'cell', 'phone'}",cell phone
969,#sufc,"{'s', 'ufc'}",s ufc
970,#realmenewphonelaunched,"{'new', 'realme', 'real', 'phone', 'me', 'launched'}",new realme real phone me launched
971,#realstate,"{'real', 'state'}",real state
972,#car,{'car'},car
973,#highriskcovid19,"{'high', 'risk', 'covid19'}",high risk covid19
974,#samsungexynos10805g,"{'samsung', 'exynos10805g'}",samsung exynos10805g
975,#farmers,{'farmers'},farmers
976,#ebay,{'ebay'},ebay
977,#iiot,"{'ot', 'ii'}",ot ii
978,#oneplus9,"{'oneplus9', 'XOLO', 'OnePlus'}",oneplus9 XOLO OnePlus
979,#pocox3,"{'Xiaomi', 'pocox3'}",Xiaomi pocox3
980,#voteforleaseholders,"{'leaseholders', 'vote', 'for'}",leaseholders vote for
981,#gaming,{'gaming'},gaming
982,#samarpandiwas,"{'and', 'was', 'i', 'sam', 'arp'}",and was i sam arp
983,#iqoo9,"{'iqoo9', 'iqoo'}",iqoo9 iqoo
984,#realmeracepro,"{'realme', 'pro', 'real', 'me', 'race'}",realme pro real me race
985,#pocom3,"{'Xiaomi', 'pocom3'}",Xiaomi pocom3
986,#sharemarket,{'sharemarket'},sharemarket
987,#hp,{'hp'},hp
988,#page,{'page'},page
989,#shares,{'shares'},shares
990,#tradecreditinsurance,"{'credit', 'trade', 'insurance'}",credit trade insurance
991,#arteta,{'arteta'},arteta
992,#corona,{'corona'},corona
993,#friendcode,"{'friend', 'code'}",friend code
994,#pipacovidreport,"{'pipa', 'co', 'report', 'Sharp', 'vid'}",pipa co report Sharp vid
995,#realestate,"{'real', 'estate'}",real estate
996,#ta1329,{'ta1329'},ta1329
997,#acer,{'acer'},acer
998,#adroid,"{'a', 'droid'}",a droid
999,#wfn,{'wfn'},wfn
1000,#courage,{'courage'},courage
1001,#covid19vaccine,"{'vaccine', 'covid19'}",vaccine covid19
1002,#gamestop,{'gamestop'},gamestop
1003,#gst,{'gst'},gst
1004,#smartglasses,"{'smart', 'glasses'}",smart glasses
1005,#lgwing,"{'wing', 'lg'}",wing lg
1006,#futurex,"{'x', 'future'}",x future
1007,#pocom2pro,"{'Xiaomi', 'pocom2pro'}",Xiaomi pocom2pro
1008,#buisness,{'buisness'},buisness
1009,#xrpcommunity,"{'community', 'xrp'}",community xrp
1010,#2101##jyotish,{'2101jyotish'},2101jyotish
1011,#bcsm,"{'csm', 'b'}",csm b
1012,#noexample,"{'example', 'no'}",example no
1013,#windows,{'windows'},windows
1014,#coal,{'coal'},coal
1015,#presidentkovind,"{'vind', 'president', 'Palm', 'ko'}",vind president Palm ko
1016,#oneplusn1,"{'oneplusn1', 'XOLO', 'OnePlus'}",oneplusn1 XOLO OnePlus
1017,#savethem,"{'save', 'them'}",save them
1018,#smartnews,"{'smart', 'news'}",smart news
1019,#techtrick,"{'trick', 'tech'}",trick tech
1020,#usmnt,"{'us', 'mnt'}",us mnt
1021,#samsunggalaxy,"{'samsung', 'galaxy'}",samsung galaxy
1022,#mondaymotivation,"{'motivation', 'monday'}",motivation monday
1023,#smartphone,{'smartphone'},smartphone
1024,#onlinebanking,"{'banking', 'online'}",banking online
1025,#stayhome,"{'home', 'stay'}",home stay
1026,#yieldfarming,"{'farming', 'yield'}",farming yield
1027,#noloanrecovery2021,"{'2021', 'loan', 'no', 'recovery'}",2021 loan no recovery
1028,#kamyabjawan,"{'ab', 'jawan', 'kamy'}",ab jawan kamy
1029,#binance,"{'bin', 'ance'}",bin ance
1030,#coronavirus,{'coronavirus'},coronavirus
1031,#vivov20se,"{'vivo', 'vivov20se'}",vivo vivov20se
1032,#burma,{'burma'},burma
1033,#nokia,{'nokia'},nokia
1034,#camera,{'camera'},camera
1035,#trendingnow,"{'trending', 'now'}",trending now
1036,#freefromhijab,"{'hijab', 'free', 'from'}",hijab free from
1037,#sensex,{'sensex'},sensex
1038,#haematology,{'haematology'},haematology
1039,#performance,{'performance'},performance
1040,#image#,{'image'},image
1041,#x60proplus,"{'vivo', 'x60proplus'}",vivo x60proplus
1042,#paybyimobilepay,"{'i', 'mobile', 'pay', 'imo', 'by', 'obi'}",i mobile pay imo by obi
1043,#pnbpathshala,"{'path', 'pnb', 'shala'}",path pnb shala
1044,#python,{'python'},python
1045,#cm,{'cm'},cm
1046,#tigrayna,"{'tigray', 'na'}",tigray na
1047,#chequepickupservice,"{'service', 'pickup', 'cheque'}",service pickup cheque
