,brands,model
0,Acer,Chromebook Tab 10
1,Acer,Iconia Talk S
2,Acer,Liquid Z6 Plus
3,Acer,Liquid Z6
4,Acer,Iconia Tab 10 A3-A40
5,Acer,Liquid X2
6,Acer,Liquid Jade 2
7,Acer,Liquid Zest Plus
8,Acer,Liquid Zest
9,Acer,Predator 8
10,Acer,Liquid Jade Primo
11,Acer,Liquid Z330
12,Acer,Liquid Z320
13,Acer,Liquid Z630S
14,Acer,Liquid Z630
15,Acer,Liquid Z530S
16,Acer,Liquid Z530
17,Acer,Liquid M330
18,Acer,Liquid M320
19,Acer,Iconia Tab 10 A3-A30
20,Acer,Iconia One 8 B1-820
21,Acer,Iconia Tab A3-A20
22,Acer,Iconia Tab A3-A20FHD
23,Acer,Liquid Jade Z
24,Acer,Liquid Z520
25,Acer,Liquid Z220
26,Acer,Liquid M220
27,Acer,Liquid Z410
28,Acer,Liquid Jade S
29,Acer,Liquid Z500
30,Acer,Liquid X1
31,Acer,Liquid Jade
32,Acer,Liquid E700
33,Acer,Liquid E600
34,Acer,Liquid Z200
35,Acer,Iconia Tab 8 A1-840FHD
36,Acer,Iconia Tab 7 A1-713
37,Acer,Iconia Tab 7 A1-713HD
38,Acer,Iconia One 7 B1-730
39,Acer,Liquid E3 Duo Plus
40,Acer,Acer Liquid X2 review
41,Acer,Acer Liquid Jade Primo review
42,Acer,Acer Liquid Jade S review
43,alcatel,3L (2021)
44,alcatel,1S (2021)
45,alcatel,1L (2021)
46,alcatel,1SE (2020)
47,alcatel,Go Flip 3
48,alcatel,Go Flip V
49,alcatel,3X (2020)
50,alcatel,3L (2020)
51,alcatel,1S (2020)
52,alcatel,1V (2020)
53,alcatel,1B (2020)
54,alcatel,3v (2019)
55,alcatel,3x (2019)
56,alcatel,1v (2019)
57,alcatel,3T 8
58,alcatel,Smart Tab 7
59,alcatel,3T 10
60,alcatel,3L
61,alcatel,3 (2019)
62,alcatel,1s
63,alcatel,1x (2019)
64,alcatel,1c (2019)
65,alcatel,Tetra
66,alcatel,5v
67,alcatel,3v
68,alcatel,3x (2018)
69,alcatel,1x
70,alcatel,3c
71,alcatel,3088
72,alcatel,1T 10
73,alcatel,1T 7
74,alcatel,Idol 5s
75,alcatel,Idol 5
76,alcatel,A7 XL
77,alcatel,A7
78,alcatel,U5 HD
79,alcatel,Alcatel Idol 4s review
80,alcatel,Alcatel Idol X+ review
81,alcatel,Alcatel One Touch Hero review
82,Allview,Soul X7 Pro
83,Allview,Soul X7 Style
84,Allview,Viva 803G
85,Allview,V4 Viper Pro
86,Allview,Viva C703
87,Allview,Viva Home
88,Allview,Viva 1003G
89,Allview,Viva 1003G Lite
90,Allview,V4 Viper
91,Allview,Soul X6 Mini
92,Allview,Soul X6 Xtreme
93,Allview,P10 Pro
94,Allview,P10 Max
95,Allview,P10 Mini
96,Allview,P10 Life
97,Allview,A10 Lite 2019
98,Allview,Allwatch Hybrid T
99,Allview,Allwatch Hybrid S
100,Allview,A10 Plus
101,Allview,Soul X5 Style
102,Allview,Allwatch V
103,Allview,Soul X5 Mini
104,Allview,P10 Style
105,Allview,X5 Soul
106,Allview,Soul X5 Pro
107,Allview,P8 Pro
108,Allview,X4 Soul Infinity Plus
109,Allview,X4 Soul Infinity L
110,Allview,X4 Soul Infinity N
111,Allview,X4 Soul Infinity S
112,Allview,X4 Soul Infinity Z
113,Allview,X4 Soul Vision
114,Allview,V3 Viper
115,Allview,X4 Soul Mini S
116,Allview,X4 Xtreme
117,Allview,P9 Energy Lite (2017)
118,Allview,X4 Soul Lite
119,Allview,X4 Soul Mini
120,Allview,X4 Soul Style
121,Allview,P6 Energy Mini
122,Amazon,Fire HD 8 Plus (2020)
123,Amazon,Fire HD 8 (2020)
124,Amazon,Fire HD 10 (2019)
125,Amazon,Fire HD 10 (2017)
126,Amazon,Fire HD 8 (2017)
127,Amazon,Fire 7 (2017)
128,Amazon,Fire HD 10
129,Amazon,Fire HD 8
130,Amazon,Fire 7
131,Amazon,Fire HDX 8.9 (2014)
132,Amazon,Fire HD 7
133,Amazon,Fire HD 6
134,Amazon,Fire Phone
135,Amazon,Kindle Fire HDX 8.9
136,Amazon,Kindle Fire HDX
137,Amazon,Kindle Fire HD (2013)
138,Amazon,Kindle Fire HD 8.9 LTE
139,Amazon,Kindle Fire HD 8.9
140,Amazon,Kindle Fire HD
141,Amazon,Kindle Fire
142,Amoi,E860
143,Amoi,E78
144,Amoi,E76
145,Amoi,E72
146,Amoi,WMA8701A
147,Amoi,WMA8703
148,Amoi,WMA8508
149,Amoi,CMA8170
150,Amoi,M33
151,Amoi,A203
152,Amoi,A200
153,Amoi,A102
154,Amoi,A100
155,Amoi,A10
156,Amoi,E850
157,Amoi,V810
158,Amoi,H815
159,Amoi,H812
160,Amoi,H810
161,Amoi,H802
162,Amoi,H801
163,Amoi,H8
164,Amoi,H80
165,Amoi,A675
166,Amoi,M636
167,Amoi,A865
168,Amoi,A869
169,Amoi,6201
170,Amoi,M360
171,Amoi,M650
172,Amoi,M630
173,Amoi,F620
174,Amoi,A320
175,Amoi,F320
176,Amoi,A310
177,Amoi,A211
178,Amoi,A210
179,Amoi,2561
180,Amoi,CS6
181,Amoi,2560
182,Amoi,A90
183,Amoi,F99b
184,Apple,iPhone 12 Pro Max
185,Apple,iPhone 12 Pro
186,Apple,iPhone 12
187,Apple,iPhone 12 mini
188,Apple,iPad Air (2020)
189,Apple,iPad 10.2 (2020)
190,Apple,Watch SE
191,Apple,Watch Series 6 Aluminum
192,Apple,Watch Series 6
193,Apple,Watch Edition Series 6
194,Apple,iPhone SE (2020)
195,Apple,iPad Pro 12.9 (2020)
196,Apple,iPad Pro 11 (2020)
197,Apple,iPhone 11 Pro Max
198,Apple,iPhone 11 Pro
199,Apple,iPhone 11
200,Apple,iPad 10.2 (2019)
201,Apple,Watch Edition Series 5
202,Apple,Watch Series 5
203,Apple,Watch Series 5 Aluminum
204,Apple,iPad Air (2019)
205,Apple,iPad mini (2019)
206,Apple,iPad Pro 12.9 (2018)
207,Apple,iPad Pro 11 (2018)
208,Apple,iPhone XS Max
209,Apple,iPhone XS
210,Apple,iPhone XR
211,Apple,Watch Series 4
212,Apple,Watch Series 4 Aluminum
213,Apple,iPad 9.7 (2018)
214,Apple,iPhone X
215,Apple,iPhone 8 Plus
216,Apple,iPhone 8
217,Apple,Watch Edition Series 3
218,Apple,Watch Series 3
219,Apple,Watch Series 3 Aluminum
220,Apple,iPad Pro 12.9 (2017)
221,Apple,iPad Pro 10.5 (2017)
222,Apple,iPad 9.7 (2017)
223,Apple,Watch Edition Series 2 42mm
224,Apple,Apple iPhone 12 long-term review
225,Apple,Apple iPhone 12 Pro Max review
226,Apple,Apple iPhone 12 mini review
227,Apple,Apple iPhone 12 Pro review
228,Archos,Diamond
229,Archos,Oxygen 68XL
230,Archos,Oxygen 63
231,Archos,Oxygen 57
232,Archos,Saphir 50X
233,Archos,Diamond Omega
234,Archos,Diamond Alpha +
235,Archos,Diamond Tab
236,Archos,Diamond Alpha
237,Archos,Sense 55s
238,Archos,Diamond Gamma
239,Archos,Sense 50x
240,Archos,50 Saphir
241,Archos,55 Graphite
242,Archos,50 Graphite
243,Archos,55b Cobalt
244,Archos,50b Cobalt
245,Archos,Diamond 2 Plus
246,Archos,55 Cobalt Plus
247,Archos,50 Cobalt
248,Archos,Diamond Plus
249,Archos,Diamond S
250,Archos,50d Helium 4G
251,Archos,50b Helium 4G
252,Archos,50 Diamond
253,Archos,40 Cesium
254,Archos,45c Platinum
255,Archos,40c Titanium
256,Archos,50b Platinum
257,Archos,80 Helium 4G
258,Archos,64 Xenon
259,Archos,50c Oxygen
260,Archos,40b Titanium
261,Archos,50 Helium 4G
262,Archos,45 Helium 4G
263,Archos,50 Oxygen
264,Archos,53 Platinum
265,Archos,50 Platinum
266,Archos,45 Platinum
267,Archos,53 Titanium
268,Archos,Archos Diamond Omega review
269,Archos,Archos 50 Diamond
270,Asus,ROG Phone 5 Ultimate
271,Asus,ROG Phone 5 Pro
272,Asus,ROG Phone 5
273,Asus,Zenfone 7 Pro ZS671KS
274,Asus,Zenfone 7 ZS670KS
275,Asus,ROG Phone 3 ZS661KS
276,Asus,ROG Phone 3 Strix
277,Asus,ROG Phone II ZS660KL
278,Asus,Zenfone 6 ZS630KL
279,Asus,ZenFone Live (L2)
280,Asus,Zenfone Max Plus (M2) ZB634KL
281,Asus,Zenfone Max Shot ZB634KL
282,Asus,Zenfone Max Pro (M2) ZB631KL
283,Asus,Zenfone Max (M2) ZB633KL
284,Asus,Zenfone Max (M1) ZB556KL
285,Asus,ZenFone Lite (L1) ZA551KL
286,Asus,ROG Phone ZS600KL
287,Asus,ZenFone Live (L1) ZA550KL
288,Asus,Zenfone Max Pro (M1) ZB601KL/ZB602K
289,Asus,Zenfone 5z ZS620KL
290,Asus,Zenfone 5 ZE620KL
291,Asus,Zenfone 5 Lite ZC600KL
292,Asus,Zenfone Max (M1) ZB555KL
293,Asus,Zenfone Max Plus (M1) ZB570TL
294,Asus,Zenfone V V520KL
295,Asus,Zenfone 4 Pro ZS551KL
296,Asus,Zenfone 4 ZE554KL
297,Asus,Zenfone 4 Selfie Lite ZB553KL
298,Asus,Zenfone 4 Selfie ZB553KL
299,Asus,Zenfone 4 Selfie Pro ZD552KL
300,Asus,Zenfone 4 Selfie ZD553KL
301,Asus,Zenfone 4 Max ZC520KL
302,Asus,Zenfone 4 Max Pro ZC554KL
303,Asus,Zenfone 4 Max Plus ZC554KL
304,Asus,Zenfone 4 Max ZC554KL
305,Asus,Zenpad Z8s ZT582KL
306,Asus,Zenpad 3s 8.0 Z582KL
307,Asus,Zenfone Go ZB552KL
308,Asus,Zenfone Live ZB501KL
309,Asus,Zenfone 3s Max ZC521TL
310,Asus,Asus ROG Phone 5 review
311,Asus,Asus Zenfone 7 Pro review
312,Asus,Asus Zenfone 7 Pro hands-on review
313,Asus,Asus ROG Phone 3 review
314,AT,Quickfire
315,AT,SMT5700
316,AT,Mustang
317,AT,8525
318,Benefon,TWIG Discovery Pro
319,Benefon,TWIG Discovery
320,Benefon,Track
321,Benefon,Twin+
322,Benefon,Twin
323,Benefon,Esc!
324,Benefon,iO
325,Benefon,Vega
326,BenQ,SF71
327,BenQ,E52
328,BenQ,C32
329,BenQ,C31
330,BenQ,SL80
331,BenQ,AL26
332,BenQ,A53
333,BenQ,SL91
334,BenQ,E81
335,BenQ,E71
336,BenQ,EF61
337,BenQ,M81
338,BenQ,A58
339,BenQ,A38
340,BenQ,EF71
341,BenQ,P51
342,BenQ,EL71
343,BenQ,CL71
344,BenQ,CF61
345,BenQ,C81
346,BenQ,E61
347,BenQ,EF91
348,BenQ,S81
349,BenQ,EF51
350,BenQ,EF81
351,BenQ,S88
352,BenQ,S68
353,Bird,M32
354,Bird,D636
355,Bird,D706
356,Bird,D615
357,Bird,S768
358,Bird,S758
359,Bird,S618
360,Bird,D736
361,Bird,D716
362,Bird,D720
363,Bird,D611
364,Bird,D515
365,Bird,D612
366,Bird,M29
367,Bird,M01
368,Bird,M07
369,Bird,S1130
370,Bird,V5518+
371,Bird,S663
372,Bird,S661
373,Bird,S669
374,Bird,S668
375,Bird,S667
376,Bird,S296+
377,Bird,S296
378,BlackBerry,KEY2 LE
379,BlackBerry,Evolve X
380,BlackBerry,Evolve
381,BlackBerry,KEY2
382,BlackBerry,Motion
383,BlackBerry,Aurora
384,BlackBerry,Keyone
385,BlackBerry,DTEK60
386,BlackBerry,DTEK50
387,BlackBerry,Priv
388,BlackBerry,Leap
389,BlackBerry,Classic Non Camera
390,BlackBerry,Porsche Design P'9983
391,BlackBerry,Passport
392,BlackBerry,Classic
393,BlackBerry,Z3
394,BlackBerry,Porsche Design P'9982
395,BlackBerry,Z30
396,BlackBerry,9720
397,BlackBerry,Q5
398,BlackBerry,Z10
399,BlackBerry,Q10
400,BlackBerry,4G LTE Playbook
401,BlackBerry,Curve 9320
402,BlackBerry,Curve 9220
403,BlackBerry,Curve 9380
404,BlackBerry,Bold 9790
405,BlackBerry,Porsche Design P'9981
406,BlackBerry,Curve 9370
407,BlackBerry,Curve 9360
408,BlackBerry,Curve 9350
409,BlackBerry,Torch 9810
410,BlackBerry,Torch 9860
411,BlackBerry,Torch 9850
412,BlackBerry,Bold Touch 9900
413,BlackBerry,Bold Touch 9930
414,BlackBerry,4G Playbook HSPA+
415,BlackBerry,Playbook Wimax
416,BlackBerry,Playbook
417,BlackBerry,Bold 9780
418,BlackBerry,BlackBerry KEY2 LE hands-on review
419,BlackBerry,BlackBerry KEY2 review
420,BlackBerry,BlackBerry Key2 hands-on review
421,BlackBerry,BlackBerry Motion review
422,Blackview,S6
423,Blackview,S8
424,Blackview,P6000
425,Blackview,A10
426,Blackview,A7 Pro
427,Blackview,A7
428,BLU,G91
429,BLU,G71
430,BLU,Studio X12
431,BLU,G61
432,BLU,Studio X10+
433,BLU,A5L
434,BLU,M7L
435,BLU,View Mega
436,BLU,G50 Mega
437,BLU,J7L
438,BLU,J5L
439,BLU,J6 2020
440,BLU,C6L 2020
441,BLU,C5L 2020
442,BLU,C6 2020
443,BLU,G50 Plus
444,BLU,G50
445,BLU,G90 Pro
446,BLU,Studio X10
447,BLU,G90
448,BLU,G80
449,BLU,Studio X9 HD
450,BLU,J6
451,BLU,J4
452,BLU,J2
453,BLU,Tank Xtreme
454,BLU,G70
455,BLU,G60
456,BLU,View 1
457,BLU,C5 Plus
458,BLU,C5 2019
459,BLU,C6 2019
460,BLU,Advance L5
461,BLU,Bold N1
462,BLU,Studio Mini
463,BLU,Vivo XL5
464,BLU,Vivo X5
465,BLU,G9 Pro
466,BLU,Studio Mega 2019
467,BLU,G8
468,Bosch,909 Dual S
469,Bosch,909 Dual
470,Bosch,Com 908
471,Bosch,Com 509
472,Bosch,World 718
473,Bosch,Com 738
474,Bosch,Com 906
475,Bosch,Com 608
476,Bosch,Com 607
477,Bosch,Com 207
478,BQ,Aquaris X2 Pro
479,BQ,Aquaris X2
480,BQ,Aquaris VS Plus
481,BQ,Aquaris VS
482,BQ,Aquaris U2 Lite
483,BQ,Aquaris U2
484,BQ,Aquaris V Plus
485,BQ,Aquaris V
486,BQ,Aquaris X Pro
487,BQ,Aquaris X
488,BQ,Aquaris U Lite
489,BQ,Aquaris U
490,BQ,Aquaris U Plus
491,BQ,Aquaris X5 Plus
492,BQ,Aquaris E5s
493,BQ,Aquaris X5
494,BQ,Aquaris M5
495,BQ,Aquaris M5.5
496,BQ,Aquaris M4.5
497,BQ, Aquaris M10
498,Casio,G'zOne CA-201L
499,Casio,G'zOne Commando
500,Casio,G'zOne Ravine 2
501,Casio,G'zOne Ravine
502,Casio,G'zOne Brigade
503,Cat,S62 Pro
504,Cat,S42
505,Cat,S52
506,Cat,B35
507,Cat,S41
508,Cat,S31
509,Cat,S61
510,Cat,S60
511,Cat,S30
512,Cat,S40
513,Cat,B30
514,Cat,B15 Q
515,Cat,S50
516,Cat,B15
517,Cat,B100
518,Cat,B25
519,Celkon,A403
520,Celkon,Campus Prime
521,Celkon,Millennia Everest
522,Celkon,Millennia Hero
523,Celkon,Millennia Xplore
524,Celkon,Q455L
525,Celkon,2GB Xpress
526,Celkon,A35k Remote
527,Celkon,Q3K Power
528,Celkon,Q5K Power
529,Celkon,Q452
530,Celkon,A402
531,Celkon,Q54+
532,Celkon,Q519
533,Celkon,Q450
534,Celkon,Q405
535,Celkon,A518
536,Celkon,A407
537,Celkon,A359
538,Celkon,A355
539,Celkon,Campus Buddy A404
540,Celkon,Millennia OCTA510
541,Celkon,Win 400
542,Celkon,Campus Whizz Q42
543,Celkon,Millennia Epic Q550
544,Celkon,Xion s CT695
545,Celkon,Campus Colt A401
546,Celkon,Campus Crown Q40
547,Celkon,Glory Q5
548,Celkon,Campus One A354C
549,Celkon,Campus Nova A352E
550,Celkon,A43
551,Celkon,A42
552,Celkon,Q500 Millennium Ultra
553,Celkon,Q44
554,Celkon,A500
555,Celkon,A21
556,Celkon,A115
557,Celkon,Q455
558,Celkon,Q470
559,Chea,A90
560,Chea,JMS-110
561,Chea,328
562,Chea,318
563,Chea,308
564,Chea,228
565,Chea,218
566,Chea,208
567,Chea,198
568,Chea,188
569,Chea,178
570,Chea,168
571,Coolpad,Cool S
572,Coolpad,Cool 6
573,Coolpad,Cool 12A
574,Coolpad,Cool 10
575,Coolpad,Legacy 5G
576,Coolpad,Legacy
577,Coolpad,Cool 5
578,Coolpad,Cool 3 Plus
579,Coolpad,Cool Play 8
580,Coolpad,Mega 5A
581,Coolpad,Note 6
582,Coolpad,Cool 2
583,Coolpad,Cool Play 6
584,Coolpad,Cool M7
585,Coolpad,NX1
586,Coolpad,Defiant
587,Coolpad,Note 5 Lite
588,Coolpad,Cool1 dual
589,Coolpad,Conjr
590,Coolpad,Cool S1
591,Coolpad,Note 3s
592,Coolpad,Mega 3
593,Coolpad,Note 5
594,Coolpad,Modena 2
595,Coolpad,Mega
596,Coolpad,Torino
597,Coolpad,Note 3 Plus
598,Coolpad,Max
599,Coolpad,Porto S
600,Coolpad,Torino S
601,Coolpad,Note 3 Lite
602,Coolpad,Roar
603,Coolpad,Note 3
604,Coolpad,Shine
605,Coolpad,Modena
606,Coolpad,Porto
607,Coolpad,3632
608,Dell,Venue 10 7000
609,Dell,Venue 8 7000
610,Dell,Venue 8
611,Dell,Venue 7 8 GB
612,Dell,Venue 7
613,Dell,XPS 10
614,Dell,Streak 10 Pro
615,Dell,Streak Pro D43
616,Dell,Streak 7
617,Dell,Streak 7 Wi-Fi
618,Dell,Venue
619,Dell,XCD35
620,Dell,XCD28
621,Dell,Smoke
622,Dell,Flash
623,Dell,Venue Pro
624,Dell,Streak
625,Dell,Aero
626,Dell,Mini 3i
627,Dell,Mini 3iX
628,Emporia,Glam
629,Emporia,Flip Basic
630,Emporia,Eco
631,Emporia,Click Plus
632,Emporia,Essence Plus
633,Emporia,Solid Plus
634,Emporia,Care Plus
635,Emporia,Elegance Plus
636,Emporia,Elegance
637,Emporia,Connect
638,Emporia,Click
639,Emporia,Talk Comfort Plus
640,Emporia,Talk Comfort
641,Emporia,RL1
642,Emporia,Talk Premium
643,Energizer,Hardcase H620S
644,Energizer,Ultimate U710S
645,Energizer,Energy E12
646,Energizer,Hardcase H10
647,Energizer,Power Max P8100S
648,Energizer,Power Max P18K Pop
649,Energizer,Ultimate U620S Pop
650,Energizer,Hardcase H570S
651,Energizer,Hardcase H501S
652,Energizer,Hardcase H280S
653,Energizer,Hardcase H241
654,Energizer,Hardcase H242
655,Energizer,Energy E241s
656,Energizer,Energy E241
657,Energizer,Energy E220s
658,Energizer,Energy E220
659,Energizer,Power Max P490S
660,Energizer,Power Max P490
661,Energizer,Hardcase H500S
662,Energizer,Energy E500S
663,Energizer,Energy E500
664,Energizer,Energy E11
665,Energizer,Energy E10+
666,Energizer,Power Max P20
667,Energizer,Power Max P16K Pro
668,Energizer,Hardcase H240S
669,Energizer,Hardcase H550S
670,Energizer,Power Max P600S
671,Energizer,Power Max P550S
672,Energizer,Energy S550
673,Energizer,Energy S500E
674,Energizer,Energy E520 LTE
675,Energizer,Energy 100 (2017)
676,Energizer,Energy 400 LTE
677,Energizer,Energy E10
678,Ericsson,R600
679,Ericsson,T68
680,Ericsson,T66
681,Ericsson,T65
682,Ericsson,T39
683,Ericsson,A3618
684,Ericsson,T29s
685,Ericsson,R520m
686,Ericsson,T20e
687,Ericsson,A2628
688,Ericsson,T20s
689,Ericsson,T36
690,Ericsson,R380
691,Ericsson,R320
692,Ericsson,R310s
693,Ericsson,A2618
694,Ericsson,R250s PRO
695,Ericsson,T28 World
696,Ericsson,T28s
697,Ericsson,T18s
698,Ericsson,T10s
699,Ericsson,A1018s
700,Ericsson,I 888
701,Ericsson,SH 888
702,Ericsson,S 868
703,Ericsson,GF 788e
704,Ericsson,GF 788
705,Ericsson,PF 768
706,Ericsson,GF 768
707,Ericsson,GH 688
708,Ericsson,GA 628
709,Ericsson,GF 388
710,Ericsson,GH 388
711,Ericsson,GS 337
712,Ericsson,GF 337
713,Ericsson,GH 337
714,Ericsson,GA 318
715,Ericsson,GS 18
716,Ericsson,GO 118
717,Ericsson,GH 218
718,Eten,glofiish X610
719,Eten,glofiish V900
720,Eten,glofiish X900
721,Eten,glofiish DX900
722,Eten,glofiish M750
723,Eten,glofiish M810
724,Eten,glofiish X650
725,Eten,glofiish M800
726,Eten,glofiish X600
727,Eten,glofiish X500+
728,Eten,glofiish X800
729,Eten,glofiish M700
730,Eten,glofiish X500
731,Eten,M550
732,Eten,G500+
733,Eten,M600+
734,Eten,G500
735,Eten,M600
736,Eten,M500
737,Eten,P300B
738,Fairphone,3+
739,Fairphone,Fairphone 3+ hands-on review
740,Fujitsu Siemens,T830
741,Fujitsu Siemens,T810
742,Garmin,A10
743,Garmin,nuvifone A50
744,Garmin,nuvifone M10
745,Garmin,nuvifone G60
746,Garmin,nuvifone M20
747,Gigabyte,GSmart Essence 4
748,Gigabyte,GSmart Classic Lite
749,Gigabyte,GSmart Essence
750,Gigabyte,GSmart Classic
751,Gigabyte,GSmart Guru GX
752,Gigabyte,GSmart Mika MX
753,Gigabyte,GSmart Roma RX
754,Gigabyte,GSmart Akta A4
755,Gigabyte,GSmart Mika M3
756,Gigabyte,GSmart GX2
757,Gigabyte,GSmart Guru (White Edition)
758,Gigabyte,GSmart T4 (Lite Edition)
759,Gigabyte,GSmart Arty A3
760,Gigabyte,GSmart Mika M2
761,Gigabyte,GSmart T4
762,Gigabyte,GSmart Saga S3
763,Gigabyte,GSmart Rey R3
764,Gigabyte,GSmart Guru
765,Gigabyte,GSmart Alto A2
766,Gigabyte,GSmart Roma R2
767,Gigabyte,GSmart Aku A1
768,Gigabyte,GSmart Tuku T2
769,Gigabyte,GSmart Maya M1 v2
770,Gigabyte,GSmart Sierra S1
771,Gigabyte,GSmart Simba SX1
772,Gigabyte,GSmart Maya M1
773,Gigabyte,GSmart Rio R1
774,Gigabyte,GSmart GS202
775,Gigabyte,GSmart G1362
776,Gigabyte,GSmart G1355
777,Gigabyte,GSmart G1345
778,Gigabyte,GSmart G1342 Houston
779,Gigabyte,GSmart M3447
780,Gigabyte,GSmart G1310
781,Gigabyte,GSmart G1317 Rola
782,Gigabyte,GSmart G1315 Skate
783,Gigabyte,GSmart S1205
784,Gigabyte,GSmart G1305 Boston
785,Gigabyte,GSmart MS802
786,Gigabyte,GSmart MW702
787,Gionee,Max Pro
788,Gionee,K30 Pro
789,Gionee,P12
790,Gionee,M12
791,Gionee,S12 Lite
792,Gionee,S12
793,Gionee,M30
794,Gionee,Max
795,Gionee,K3 Pro
796,Gionee,K6
797,Gionee,F205
798,Gionee,S11S
799,Gionee,S11
800,Gionee,S11 lite
801,Gionee,M7 Plus
802,Gionee,M7 Power
803,Gionee,M7
804,Gionee,X1s
805,Gionee,X1
806,Gionee,P8 Max
807,Gionee,A1 Lite
808,Gionee,S10
809,Gionee,S10B
810,Gionee,S10C
811,Gionee,M6s Plus
812,Gionee,A1 Plus
813,Gionee,A1
814,Gionee,F5
815,Gionee,M2017
816,Gionee,Steel 2
817,Gionee,S9
818,Gionee,P7
819,Gionee,P7 Max
820,Gionee,F103 Pro
821,Gionee,S6s
822,Gionee,M6 Plus
823,Gionee,M6
824,Gionee,S6 Pro
825,Gionee,P5 Mini
826,Gionee,W909
827,Gionee,Gionee Elife S5.1 review
828,Google,Pixel 5
829,Google,Pixel 4a 5G
830,Google,Pixel 4a
831,Google,Pixel 4 XL
832,Google,Pixel 4
833,Google,Pixel 3a XL
834,Google,Pixel 3a
835,Google,Pixel 3 XL
836,Google,Pixel 3
837,Google,Pixel 2
838,Google,Pixel 2 XL
839,Google,Pixel XL
840,Google,Pixel
841,Google,Pixel C
842,Google,Google Pixel 5 long-term review
843,Google,Google Pixel 5 review
844,Google,Google Pixel 4a review
845,Google,Google Pixel 4 review
846,Haier,C300
847,Haier,Hurricane
848,Haier,G8
849,Haier,L8
850,Haier,I6
851,Haier,L7
852,Haier,G7
853,Haier,G51
854,Haier,U69
855,Haier,U60
856,Haier,U56
857,Haier,U53
858,Haier,K3
859,Haier,A66
860,Haier,V730
861,Honor,View40
862,Honor,V40 5G
863,Honor,10X Lite
864,Honor,30i
865,Honor,Watch GS Pro
866,Honor,Watch ES
867,Honor,Pad 6
868,Honor,Pad X6
869,Honor,X10 Max 5G
870,Honor,30 Youth
871,Honor,8S 2020
872,Honor,Play4
873,Honor,Play4 Pro
874,Honor,X10 5G
875,Honor,V6
876,Honor,9A
877,Honor,9C
878,Honor,9S
879,Honor,9X Lite
880,Honor,30 Pro+
881,Honor,30 Pro
882,Honor,20e
883,Honor,Play 4T Pro
884,Honor,Play 4T
885,Honor,Honor 10X Lite review
886,Honor,Honor 30 Pro+ review
887,Honor,Honor 9X Pro review
888,Honor,Honor V30 Pro review
889,HP,Elite x3
890,HP,Slate 17
891,HP,Pro Slate 12
892,HP,Pro Slate 10 EE G1
893,HP,Pro Slate 8
894,HP,Slate6 VoiceTab II
895,HP,10 Plus
896,HP,7 VoiceTab
897,HP,7 Plus
898,HP,Slate7 VoiceTab Ultra
899,HP,Slate7 VoiceTab
900,HP,Slate6 VoiceTab
901,HP,Slate8 Pro
902,HP,Slate10 HD
903,HP,Slate7 Extreme
904,HP,Slate7 Plus
905,HP,Slate 7
906,HP,TouchPad 4G
907,HP,Veer 4G
908,HP,Veer
909,HP,Pre 3 CDMA
910,HP,Pre 3
911,HP,TouchPad
912,HP,iPAQ Glisten
913,HP,iPAQ Voice Messenger
914,HP,iPAQ Data Messenger
915,HP,iPAQ 910c
916,HP,iPAQ 610c
917,HP,iPAQ 514
918,HP,iPAQ rw6815
919,HP,iPAQ rw6828
920,HP,iPAQ rw6818
921,HP,iPAQ hw6915
922,HP,iPAQ hw6910
923,HP,iPAQ hw6515
924,HP,iPAQ hw6510
925,HP,iPAQ h6325
926,HP,iPAQ h6320
927,HP,iPAQ h6315
928,HTC,Desire 21 Pro 5G
929,HTC,Desire 20+
930,HTC,Wildfire E1 lite
931,HTC,Wildfire E2
932,HTC,Wildfire E1 plus
933,HTC,Wildfire E1
934,HTC,Wildfire E
935,HTC,U20 5G
936,HTC,Desire 20 Pro
937,HTC,Wildfire R70
938,HTC,Desire 19s
939,HTC,Exodus 1s
940,HTC,Wildfire X
941,HTC,U19e
942,HTC,Desire 19+
943,HTC,Desire 12s
944,HTC,Exodus 1
945,HTC,U12 life
946,HTC,U12+
947,HTC,Desire 12+
948,HTC,Desire 12
949,HTC,U11 Eyes
950,HTC,U11+
951,HTC,U11 Life
952,HTC,U11
953,HTC,One X10
954,HTC,U Ultra
955,HTC,U Play
956,HTC,10 evo
957,HTC,Desire 650
958,HTC,Desire 10 Pro
959,HTC,Desire 10 Compact
960,HTC,One A9s
961,HTC,Desire 10 Lifestyle
962,HTC,Desire 728 Ultra
963,HTC,Desire 628
964,HTC,One M9 Prime Camera
965,HTC,Desire 830
966,HTC,One S9
967,HTC,10 Lifestyle
968,HTC,HTC U12 life hands-on review
969,HTC,HTC U12+ review
970,HTC,HTC U12+ hands-on review
971,HTC,HTC U11 Life review
972,Huawei,Mate 40E
973,Huawei,P40 4G
974,Huawei,Mate X2
975,Huawei,nova 8 Pro 5G
976,Huawei,nova 8 5G
977,Huawei,Enjoy 20 SE
978,Huawei,nova 8 SE
979,Huawei,Mate 40 RS Porsche Design
980,Huawei,Mate 40 Pro+
981,Huawei,Mate 40 Pro
982,Huawei,Mate 40
983,Huawei,Watch GT 2 Porsche Design
984,Huawei,Mate 30E Pro 5G
985,Huawei,nova 7 SE 5G Youth
986,Huawei,Y7a
987,Huawei,P smart 2021
988,Huawei,MatePad 5G
989,Huawei,Watch GT 2 Pro
990,Huawei,Y9a
991,Huawei,Enjoy 20 Plus 5G
992,Huawei,Enjoy 20 5G
993,Huawei,Watch Fit
994,Huawei,MatePad 10.8
995,Huawei,MatePad T 10s
996,Huawei,Enjoy Tablet 2
997,Huawei,Children's Watch 4X
998,Huawei,Enjoy 20 Pro
999,Huawei,Enjoy Z 5G
1000,Huawei,P Smart S
1001,Huawei,Y8p
1002,Huawei,P40 lite 5G
1003,Huawei,P30 Pro New Edition
1004,Huawei,MatePad T8
1005,Huawei,Y8s
1006,Huawei,Y6p
1007,Huawei,Y5p
1008,Huawei,P smart 2020
1009,Huawei,nova 7 Pro 5G
1010,Huawei,nova 7 5G
1011,Huawei,nova 7 SE
1012,Huawei,Huawei Y7a / P smart 2021 review
1013,Huawei,Huawei Mate 40 Pro review
1014,Huawei,Huawei P40 Pro+ review
1015,Huawei,Huawei P40 Pro long-term review
1016,i,i858
1017,i,8500
1018,i,5230
1019,i,Hitz 2206
1020,i,5220
1021,i,TV658 Touch&Move
1022,i,Hitz 212
1023,i,Hitz 210
1024,i,TV650 Touch
1025,i,TV550 Touch
1026,i,TV 630
1027,i,TV 628
1028,i,TV 620
1029,i,TV 536
1030,i,638CG
1031,i,Hitz 232CG
1032,i,TV 535
1033,i,627
1034,i,TV 533
1035,i,TV 530
1036,i,TV 523
1037,i,522
1038,i,320
1039,i,319
1040,i,TV 626
1041,i,902
1042,i,625
1043,i,903
1044,i,613
1045,i,520
1046,i,518
1047,i,510
1048,i,318
1049,i,315
1050,i,202
1051,i,201
1052,i,101
1053,Icemobile,G8 LTE
1054,Icemobile,Mash
1055,Icemobile,G8
1056,Icemobile,Prime 5.0 Plus
1057,Icemobile,Prime 5.0
1058,Icemobile,Prime 4.0 Plus
1059,Icemobile,Gravity 4.0
1060,Icemobile,Rock 2.4
1061,Icemobile,Prime 5.5
1062,Icemobile,Prime 3.5
1063,Icemobile,Prime 4.0
1064,Icemobile,Apollo Touch 3G
1065,Icemobile,Apollo 3G
1066,Icemobile,G7 Pro
1067,Icemobile,G3
1068,Icemobile,Prime 4.5
1069,Icemobile,Charm II
1070,Icemobile,G10
1071,Icemobile,Gravity Pro
1072,Icemobile,Sol III
1073,Icemobile,Hydro
1074,Icemobile,Rock Bold
1075,Icemobile,G2
1076,Icemobile,Gprime Extreme
1077,Icemobile,G7
1078,Icemobile,G5
1079,Icemobile,Tropical 3
1080,Icemobile,Quattro
1081,Icemobile,Prime Plus
1082,Icemobile,Submarine
1083,Icemobile,Charm
1084,Icemobile,Apollo Touch
1085,Icemobile,Apollo
1086,Icemobile,Sol II
1087,Icemobile,Diamond Dust
1088,Icemobile,Blizzard
1089,Icemobile,Rock Lite
1090,Icemobile,Cenior
1091,Icemobile,Acqua
1092,Icemobile,Prime
1093,Infinix,Smart 5 (India)
1094,Infinix,Hot 10 Play
1095,Infinix,Smart HD 2021
1096,Infinix,Zero 8i
1097,Infinix,Note 8
1098,Infinix,Note 8i
1099,Infinix,Hot 10 Lite
1100,Infinix,Hot 10
1101,Infinix,Zero 8
1102,Infinix,Smart 5
1103,Infinix,Hot 9 Play
1104,Infinix,Note 7
1105,Infinix,Note 7 Lite
1106,Infinix,Hot 9 Pro
1107,Infinix,Hot 9
1108,Infinix,S5 Pro (16+32)
1109,Infinix,S5 Pro (48+40)
1110,Infinix,S5 Pro
1111,Infinix,S5 lite
1112,Infinix,Smart 4
1113,Infinix,Smart 4c
1114,Infinix,Hot 8 Lite
1115,Infinix,S5
1116,Infinix,Hot 8
1117,Infinix,Note 6
1118,Infinix,Infinix Zero 8 review
1119,Infinix,Infinix S5 Pro review
1120,Innostream,INNO A20
1121,Innostream,INNO P10
1122,Innostream,INNO A10
1123,Innostream,INNO 75
1124,Innostream,INNO 50
1125,Innostream,INNO 36
1126,Innostream,INNO 79
1127,Innostream,INNO 78
1128,Innostream,INNO 30
1129,Innostream,INNO 55
1130,Innostream,INNO 70
1131,Innostream,INNO 99
1132,Innostream,INNO 90
1133,Innostream,INNO 89
1134,Innostream,INNO 80
1135,Innostream,INNO 120
1136,Innostream,INNO 110
1137,Innostream,INNO 100
1138,iNQ,Cloud Touch
1139,iNQ,Cloud Q
1140,iNQ,Chat 3G
1141,iNQ,Mini 3G
1142,iNQ,iNQ1
1143,Intex,Aqua Craze
1144,Intex,Aqua GenX
1145,Intex,Aqua Ace
1146,Intex,Aqua Trend
1147,Intex,IRist Smartwatch
1148,Intex,Aqua 4G+
1149,Intex,Aqua Xtreme II
1150,Intex,Aqua Y2 Remote
1151,Intex,Aqua Xtreme
1152,Intex,Aqua Star L
1153,Intex,Aqua Star 2
1154,Intex,Aqua Speed
1155,Intex,Aqua Power
1156,Intex,Aqua Power +
1157,Intex,Aqua 4.5E
1158,Jolla,Jolla C
1159,Jolla,Tablet
1160,Jolla,Jolla
1161,Karbonn,Titanium Mach Two S360
1162,Karbonn,Titanium Wind W4
1163,Karbonn,Titanium S99
1164,Karbonn,Sparkle V
1165,Karbonn,Titanium S19
1166,Karbonn,Smart A12 Star
1167,Karbonn,Titanium S1 Plus
1168,Karbonn,Titanium Hexa
1169,Karbonn,Titanium Octane Plus
1170,Karbonn,Titanium Octane
1171,Karbonn,Titanium X
1172,Karbonn,A16
1173,Karbonn,A12+
1174,Karbonn,Titanium S5 Plus
1175,Karbonn,S7 Titanium
1176,Karbonn,S9 Titanium
1177,Karbonn,A10
1178,Karbonn,A5
1179,Karbonn,A37
1180,Karbonn,A34
1181,Karbonn,A25
1182,Karbonn,A7 Star
1183,Karbonn,A4+
1184,Karbonn,A2+
1185,Karbonn,A27 Retina
1186,Karbonn,A111
1187,Karbonn,A6
1188,Karbonn,A4
1189,Karbonn,A3
1190,Karbonn,A2
1191,Karbonn,S5 Titanium
1192,Karbonn,S1 Titanium
1193,Karbonn,Smart Tab 9
1194,Karbonn,Smart Tab 8
1195,Karbonn,Smart Tab 10
1196,Karbonn,Smart Tab2
1197,Karbonn,Smart Tab 7
1198,Karbonn,KT21 Express
1199,Karbonn,K65 Buzz
1200,Karbonn,K9 Jumbo
1201,Kyocera,DuraForce Pro 2
1202,Kyocera,DuraForce Pro
1203,Kyocera,DuraForce XD
1204,Kyocera,DuraForce
1205,Kyocera,Hydro Life
1206,Kyocera,Brigadier
1207,Kyocera,Hydro Elite
1208,Kyocera,Hydro Xtrm
1209,Kyocera,Torque E6710
1210,Kyocera,Hydro C5170
1211,Kyocera,Rise C5155
1212,Kyocera,Milano C5121
1213,Kyocera,Milano C5120
1214,Kyocera,Presto S1350
1215,Kyocera,Brio
1216,Kyocera,Echo
1217,Kyocera,DuraCore E4210
1218,Kyocera,DuraMax
1219,Kyocera,E4600
1220,Kyocera,Solo E4000
1221,Kyocera,E3500
1222,Kyocera,E2500
1223,Kyocera,S1600
1224,Kyocera,TG 200
1225,Lava,Z6
1226,Lava,Z4
1227,Lava,Z2
1228,Lava,Z1
1229,Lava,Z61 Pro
1230,Lava,Z71
1231,Lava,Z40
1232,Lava,Z92
1233,Lava,Z81
1234,Lava,Z60s
1235,Lava,Z61
1236,Lava,Z91 (2GB)
1237,Lava,Z91
1238,Lava,Z50
1239,Lava,Z90
1240,Lava,Z80
1241,Lava,Z60
1242,Lava,A97 2GB+
1243,Lava,A44
1244,Lava,A77
1245,Lava,Z25
1246,Lava,Z10
1247,Lava,X28 Plus
1248,Lava,A73
1249,Lava,X19
1250,Lava,A55
1251,Lava,A50
1252,Lava,X50 Plus
1253,Lava,X41 Plus
1254,Lava,A51
1255,Lava,A76+
1256,Lava,A97
1257,Lava,X28
1258,Lava,P7+
1259,Lava,A48
1260,Lava,X38
1261,Lava,A32
1262,Lava,A68
1263,Lava,X50
1264,Lava,X17
1265,LeEco,Le Pro 3 AI Edition
1266,LeEco,Le Pro3 Elite
1267,LeEco,Le S3
1268,LeEco,Le Pro3
1269,LeEco,Le Max 2
1270,LeEco,Le 2 Pro
1271,LeEco,Le 2
1272,LeEco,Le Max
1273,LeEco,Le 1s
1274,LeEco,LeEco Le Max 2 review
1275,Lenovo,K12 Pro
1276,Lenovo,K12 (China)
1277,Lenovo,A8 2020
1278,Lenovo,Tab P11 Pro
1279,Lenovo,Tab P11
1280,Lenovo,Tab M10 HD Gen 2
1281,Lenovo,Legion Duel
1282,Lenovo,Legion Pro
1283,Lenovo,A7
1284,Lenovo,K7
1285,Lenovo,M10 Plus
1286,Lenovo,M10 FHD REL
1287,Lenovo,Yoga Smart Tab
1288,Lenovo,K10 Plus
1289,Lenovo,K10 Note
1290,Lenovo,A6 Note
1291,Lenovo,Tab M8 (FHD)
1292,Lenovo,Tab M8 (HD)
1293,Lenovo,Tab M7
1294,Lenovo,Z6
1295,Lenovo,Z6 Pro 5G
1296,Lenovo,Z6 Youth
1297,Lenovo,Z6 Pro
1298,Lenovo,K6 Enjoy
1299,Lenovo,Tab V7
1300,Lenovo,S5 Pro GT
1301,Lenovo,Z5s
1302,Lenovo,Z5 Pro GT
1303,Lenovo,Z5 Pro
1304,Lenovo,S5 Pro
1305,Lenovo,K5 Pro
1306,Lenovo,K9
1307,Lenovo,Z5
1308,Lenovo,K5 Note (2018)
1309,Lenovo,A5
1310,Lenovo,K5 play
1311,Lenovo,K5
1312,Lenovo,S5
1313,Lenovo,K320t
1314,Lenovo,moto tab
1315,Lenovo,Lenovo Z6 Pro review
1316,Lenovo,Lenovo K6 Power review
1317,Lenovo,Lenovo P2 review
1318,Lenovo,Lenovo K6 Note review
1319,LG,W41 Pro
1320,LG,W41+
1321,LG,W41
1322,LG,W31+
1323,LG,W31
1324,LG,W11
1325,LG,K92 5G
1326,LG,K62
1327,LG,Q52
1328,LG,K52
1329,LG,K42
1330,LG,K71
1331,LG,Wing 5G
1332,LG,K22
1333,LG,Q92 5G
1334,LG,Q31
1335,LG,K31
1336,LG,Velvet 5G UW
1337,LG,Q61
1338,LG,Stylo 6
1339,LG,Velvet
1340,LG,Velvet 5G
1341,LG,Folder 2
1342,LG,V60 ThinQ 5G UW
1343,LG,V60 ThinQ 5G
1344,LG,Q51
1345,LG,W10 Alpha
1346,LG,K61
1347,LG,K51S
1348,LG,K41S
1349,LG,G Pad 5 10.1
1350,LG,V50S ThinQ 5G
1351,LG,G8X ThinQ
1352,LG,Q70
1353,LG,K30 (2019)
1354,LG,K20 (2019)
1355,LG,K40S
1356,LG,K50S
1357,LG,W30 Pro
1358,LG,W30
1359,LG,W10
1360,LG,Stylo 5
1361,LG,V50 ThinQ 5G
1362,LG,G8S ThinQ
1363,LG,G8 ThinQ
1364,LG,Q60
1365,LG,K50
1366,LG,K40
1367,LG,Q9
1368,LG,V40 ThinQ
1369,LG,Watch W7
1370,LG,Tribute Empire
1371,LG,Candy
1372,LG,G7 Fit
1373,LG,G7 One
1374,LG,Q8 (2018)
1375,LG,K11 Plus
1376,LG,Q Stylo 4
1377,LG,Q Stylus
1378,LG,V35 ThinQ
1379,LG,LG Wing 5G review
1380,LG,LG Velvet with DualScreen review
1381,LG,LG V60 ThinQ 5G review
1382,LG,LG V60 ThinQ 5G hands-on review
1383,Maxon,MX-C90
1384,Maxon,MX-C80
1385,Maxon,MX-C180
1386,Maxon,MX-A30
1387,Maxon,MX-C60
1388,Maxon,MX-C20
1389,Maxon,MX-C110
1390,Maxon,MX-E10
1391,Maxon,MX-V10
1392,Maxon,MX-V30
1393,Maxon,MX-E80
1394,Maxon,MX-7990
1395,Maxon,MX-7750
1396,Maxon,MX-C11
1397,Maxon,MX-C160
1398,Maxon,MX-7940
1399,Maxon,MX-7920
1400,Maxon,MX-7830
1401,Maxon,MX-7600
1402,Maxon,MX-6899
1403,Maxwest,Nitro 55M
1404,Maxwest,Nitro 55 LTE
1405,Maxwest,Nitro 5M
1406,Maxwest,Astro 5s
1407,Maxwest,Gravity 5 LTE
1408,Maxwest,Astro X4
1409,Maxwest,Astro X55
1410,Maxwest,Vice
1411,Maxwest,Gravity 5.5 LTE
1412,Maxwest,Gravity 5
1413,Maxwest,Astro 6
1414,Maxwest,Astro X5
1415,Maxwest,Astro 3.5
1416,Maxwest,Blade
1417,Maxwest,Nitro 5
1418,Maxwest,Astro 4.5
1419,Maxwest,Nitro Phablet 71
1420,Maxwest,Nitro 5.5
1421,Maxwest,Astro 5
1422,Maxwest,MX-110
1423,Maxwest,Astro 4
1424,Maxwest,Astro JR
1425,Maxwest,Virtue Z5
1426,Maxwest,Gravity 5.5
1427,Maxwest,Gravity 6
1428,Maxwest,Orbit 330G
1429,Maxwest,Orbit 6200T
1430,Maxwest,Android 330
1431,Maxwest,Tab Phone 72DC
1432,Maxwest,MX-210TV
1433,Maxwest,Android 320
1434,Maxwest,Orbit 6200
1435,Maxwest,Orbit 5400T
1436,Maxwest,Orbit 4400
1437,Maxwest,Orbit 3000
1438,Maxwest,Orbit X50
1439,Maxwest,Orbit Z50
1440,Maxwest,Orbit 5400
1441,Maxwest,Orbit 4600
1442,Maxwest,MX-200TV
1443,Meizu,18 Pro
1444,Meizu,17 Pro
1445,Meizu,16T
1446,Meizu,M10
1447,Meizu,16s Pro
1448,Meizu,16Xs
1449,Meizu,16s
1450,Meizu,Note 9
1451,Meizu,C9 Pro
1452,Meizu,Zero
1453,Meizu,C9
1454,Meizu,Note 8
1455,Meizu,X8
1456,Meizu,V8 Pro
1457,Meizu,V8
1458,Meizu,16X
1459,Meizu,16 Plus
1460,Meizu,M6T
1461,Meizu,M8c
1462,Meizu,15 Plus
1463,Meizu,15 Lite
1464,Meizu,E3
1465,Meizu,M6s
1466,Meizu,M6
1467,Meizu,M6 Note
1468,Meizu,Pro 7 Plus
1469,Meizu,Pro 7
1470,Meizu,M5c
1471,Meizu,E2
1472,Meizu,M5s
1473,Meizu,M5 Note
1474,Meizu,M3x
1475,Meizu,Pro 6 Plus
1476,Meizu,MX5e
1477,Meizu,U10
1478,Meizu,U20
1479,Meizu,Meizu 15 review
1480,Meizu,Meizu Pro 7 Plus review
1481,Meizu,Meizu M5s review
1482,Meizu,Meizu M5 review
1483,Micromax,In note 1
1484,Micromax,In 1b
1485,Micromax,Infinity N12
1486,Micromax,Infinity N11
1487,Micromax,Bharat 5 Infinity
1488,Micromax,Bharat Go
1489,Micromax,Canvas 1 2018
1490,Micromax,Canvas Infinity Life
1491,Micromax,Bharat 5 Pro
1492,Micromax,Bharat 5 Plus
1493,Micromax,Bharat 5
1494,Micromax,Canvas Infinity Pro
1495,Micromax,Bharat 2 Ultra
1496,Micromax,Dual 4 E4816
1497,Micromax,Canvas Selfie 3 Q460
1498,Micromax,Bharat 4 Q440
1499,Micromax,Bharat 3 Q437
1500,Micromax,Bharat 2+
1501,Micromax,Selfie 2 Note Q4601
1502,Micromax,Canvas Infinity
1503,Micromax,Evok Dual Note E4815
1504,Micromax,Selfie 2 Q4311
1505,Micromax,Canvas 1
1506,Micromax,Canvas 2 Q4310
1507,Micromax,Canvas Evok Power Q4260
1508,Micromax,Canvas Evok Note E453
1509,Micromax,Bharat 2 Q402
1510,Micromax,Dual 5
1511,Micromax,Spark Vdeo Q415
1512,Micromax,Vdeo 5
1513,Micromax,Vdeo 4
1514,Micromax,Vdeo 3
1515,Micromax,Vdeo 2
1516,Micromax,Vdeo 1
1517,Micromax,Canvas Spark 4G Q4201
1518,Micromax,Canvas Fire 6 Q428
1519,Micromax,Canvas 5 Lite Q462
1520,Micromax,Bolt Q381
1521,Micromax,Canvas Mega 2 Q426
1522,Micromax,Canvas Spark 2 Plus Q350
1523,Microsoft,Surface Duo
1524,Microsoft,Lumia 650
1525,Microsoft,Lumia 950 XL Dual SIM
1526,Microsoft,Lumia 950 XL
1527,Microsoft,Lumia 950 Dual SIM
1528,Microsoft,Lumia 950
1529,Microsoft,Lumia 550
1530,Microsoft,Lumia 540 Dual SIM
1531,Microsoft,Lumia 430 Dual SIM
1532,Microsoft,Lumia 640 XL LTE Dual SIM
1533,Microsoft,Lumia 640 XL LTE
1534,Microsoft,Lumia 640 XL Dual SIM
1535,Microsoft,Lumia 640 XL
1536,Microsoft,Lumia 640 LTE Dual SIM
1537,Microsoft,Lumia 640 LTE
1538,Microsoft,Lumia 640 Dual SIM
1539,Microsoft,Lumia 532 Dual SIM
1540,Microsoft,Lumia 532
1541,Microsoft,Lumia 435 Dual SIM
1542,Microsoft,Lumia 435
1543,Microsoft,Lumia 535 Dual SIM
1544,Microsoft,Lumia 535
1545,Microsoft,Surface 2
1546,Microsoft,Surface
1547,Microsoft,Kin TWOm
1548,Microsoft,Kin ONEm
1549,Microsoft,Kin Two
1550,Microsoft,Kin One
1551,Microsoft,Lumia 850
1552,Microsoft,Lumia 1030
1553,Microsoft,Lumia 1330
1554,Microsoft,Microsoft Lumia 650 review
1555,Microsoft,Microsoft Lumia 950XL review
1556,Microsoft,Microsoft Lumia 550 review
1557,Microsoft,Microsoft Lumia 950 review
1558,Mitac,MIO Explora K75
1559,Mitac,MIO Explora K70
1560,Mitac,MIO Leap G50
1561,Mitac,MIO Leap K1
1562,Mitac,MIO A502
1563,Mitac,MIO A501
1564,Mitac,MIO A702
1565,Mitac,MIO A701
1566,Mitac,MIO 8870
1567,Mitac,MIO 8860
1568,Mitac,MIO 8390
1569,Mitac,MIO 8380
1570,Mitsubishi,M430i/M900
1571,Mitsubishi,M800
1572,Mitsubishi,M420i/M760
1573,Mitsubishi,M528
1574,Mitsubishi,M520
1575,Mitsubishi,M350
1576,Mitsubishi,M750
1577,Mitsubishi,M342i
1578,Mitsubishi,M341i/M720
1579,Mitsubishi,M330
1580,Mitsubishi,m21i
1581,Mitsubishi,M320
1582,Mitsubishi,Trium Eclipse
1583,Mitsubishi,Trium Sirius
1584,Mitsubishi,Trium Neptune
1585,Mitsubishi,Trium Mars
1586,Mitsubishi,Trium Geo-@
1587,Mitsubishi,Trium Mondo
1588,Mitsubishi,Trium xs
1589,Mitsubishi,Trium fx
1590,Modu,Night jacket
1591,Modu,Sport jacket
1592,Modu,Speedy jacket
1593,Modu,Shiny jacket
1594,Modu,Mini jacket
1595,Modu,Express jacket
1596,Motorola,Moto G10 Power
1597,Motorola,Moto E7 Power
1598,Motorola,Moto G30
1599,Motorola,Moto G10
1600,Motorola,Moto E6i
1601,Motorola,Edge S
1602,Motorola,One 5G Ace
1603,Motorola,Moto G Stylus (2021)
1604,Motorola,Moto G Power (2021)
1605,Motorola,Moto G Play (2021)
1606,Motorola,Moto E7
1607,Motorola,Moto G 5G
1608,Motorola,Moto G9 Power
1609,Motorola,Razr 5G
1610,Motorola,Moto G9 Plus
1611,Motorola,Moto E7 Plus
1612,Motorola,One 5G UW
1613,Motorola,One 5G
1614,Motorola,Moto G9 Play
1615,Motorola,Moto G9 (India)
1616,Motorola,Moto G 5G Plus
1617,Motorola,One Fusion
1618,Motorola,One Fusion+
1619,Motorola,One Vision Plus
1620,Motorola,Moto G Fast
1621,Motorola,Moto E (2020)
1622,Motorola,Moto G Pro
1623,Motorola,Edge+
1624,Motorola,Edge
1625,Motorola,Moto G8 Power Lite
1626,Motorola,Moto E6s (2020)
1627,Motorola,Moto G8
1628,Motorola,Moto G Stylus
1629,Motorola,Moto G Power
1630,Motorola,Moto G8 Power
1631,Motorola,One Hyper
1632,Motorola,Razr 2019
1633,Motorola,Moto G8 Play
1634,Motorola,Moto E6 Play
1635,Motorola,Moto G8 Plus
1636,Motorola,One Macro
1637,Motorola,Moto E6 Plus
1638,Motorola,One Zoom
1639,Motorola,One Action
1640,Motorola,Moto E6
1641,Motorola,Moto Z4
1642,Motorola,One Vision
1643,Motorola,Moto G7 Plus
1644,Motorola,Moto G7
1645,Motorola,Moto G7 Power
1646,Motorola,Moto G9 Power review
1647,Motorola,Moto G 5G review
1648,Motorola,Moto G9 Plus review
1649,Motorola,Moto G9 (Play) review
1650,MWg,Zinc II
1651,MWg,Atom Life
1652,MWg,UBiQUiO 503g
1653,MWg,Atom V
1654,MWg,UBiQUiO 501
1655,NEC,Terrain
1656,NEC,804N
1657,NEC,e1108
1658,NEC,N344i
1659,NEC,e373
1660,NEC,e636
1661,NEC,N500i
1662,NEC,N500iS
1663,NEC,N908
1664,NEC,N938
1665,NEC,e353
1666,NEC,e121
1667,NEC,e122
1668,NEC,e949/L1
1669,NEC,N600i
1670,NEC,e540/N411i
1671,NEC,N401i
1672,NEC,N343i
1673,NEC,N900iG
1674,NEC,N200
1675,NEC,N160
1676,NEC,N923
1677,NEC,N150
1678,NEC,e238
1679,NEC,N940
1680,NEC,N930
1681,NEC,N630
1682,NEC,N850
1683,NEC,N840
1684,NEC,N750
1685,NEC,802
1686,NEC,N500
1687,NEC,N342i
1688,NEC,e101
1689,NEC,N110
1690,NEC,N109
1691,NEC,N100
1692,NEC,N920
1693,NEC,e338
1694,NEC,N620
1695,Neonode,N2
1696,Neonode,N1m
1697,Neonode,N1
1698,NIU,Andy C5.5E2I
1699,NIU,Andy 3.5E2I
1700,NIU,Andy 4E2I
1701,NIU,Andy 5EI
1702,NIU,Andy 5T
1703,NIU,C21A
1704,NIU,F10
1705,NIU,Z10
1706,NIU,Tek 5D
1707,NIU,Tek 4D2
1708,NIU,Niutek 3.5D2
1709,NIU,GO 21
1710,NIU,Niutek 4.5D
1711,NIU,Niutek 4.0D
1712,NIU,Niutek 3.5D
1713,NIU,GO 20
1714,NIU,Niutek 3.5B
1715,NIU,LIV 10
1716,NIU,GO 50
1717,NIU,Niutek 3G 3.5 N209
1718,NIU,Niutek 3G 4.0 N309
1719,NIU,Pana 3G TV N206
1720,NIU,GO 80
1721,NIU,Domo N102
1722,NIU,Bingo N103
1723,NIU,Lotto N104
1724,NIU,Pana N105
1725,NIU,Pana TV N106
1726,NIU,NiutekQ N108
1727,NIU,Niutek N109
1728,Nokia,1.4
1729,Nokia,5.4
1730,Nokia,C1 Plus
1731,Nokia,8000 4G
1732,Nokia,6300 4G
1733,Nokia,8 V 5G UW
1734,Nokia,2 V Tella
1735,Nokia,225 4G
1736,Nokia,215 4G
1737,Nokia,3.4
1738,Nokia,2.4
1739,Nokia,C3
1740,Nokia,C5 Endi
1741,Nokia,C2 Tennen
1742,Nokia,C2 Tava
1743,Nokia,150 (2020)
1744,Nokia,125
1745,Nokia,8.3 5G
1746,Nokia,5.3
1747,Nokia,1.3
1748,Nokia,5310 (2020)
1749,Nokia,C2
1750,Nokia,C1
1751,Nokia,2.3
1752,Nokia,7.2
1753,Nokia,6.2
1754,Nokia,800 Tough
1755,Nokia,2720 Flip
1756,Nokia,220 4G
1757,Nokia,110 (2019)
1758,Nokia,105 (2019)
1759,Nokia,3.1 C
1760,Nokia,3.1 A
1761,Nokia,2.2
1762,Nokia,X71
1763,Nokia,9 PureView
1764,Nokia,4.2
1765,Nokia,3 V
1766,Nokia,3.2
1767,Nokia,1 Plus
1768,Nokia,Nokia 6.2 review
1769,Nokia,Nokia 7.2 review
1770,Nokia,Nokia 9 PureView review
1771,Nokia,Nokia 9 PureView hands-on review
1772,Nvidia,Shield K1
1773,Nvidia,Shield LTE
1774,Nvidia,Shield
1775,O,XDA Serra
1776,O,XDA Guide
1777,O,XDA Zest
1778,O,XDA Ignito
1779,O,XDA Stellar
1780,O,XDA Orbit II
1781,O,XDA Comet
1782,O,XDA Nova
1783,O,XDA Terra
1784,O,XDA Argon
1785,O,XDA Star
1786,O,Cocoon
1787,O,XDA Flame
1788,O,XDA Atom Life
1789,O,XDA Zinc
1790,O,XDA Graphite
1791,O,XDA Orbit
1792,O,Cosmo
1793,O,XDA Stealth
1794,O,Jet
1795,O,Ice
1796,O,XDA Atom Exec
1797,O,XDA Trion
1798,O,XDA Neo
1799,O,XDA Atom
1800,OnePlus,Nord N10 5G
1801,OnePlus,Nord N100
1802,OnePlus,8T
1803,OnePlus,8T+ 5G
1804,OnePlus,Nord
1805,OnePlus,8 Pro
1806,OnePlus,8 5G UW (Verizon)
1807,OnePlus,8 5G (T-Mobile)
1808,OnePlus,7T Pro 5G McLaren
1809,OnePlus,7T Pro
1810,OnePlus,7T
1811,OnePlus,7 Pro 5G
1812,OnePlus,7 Pro
1813,OnePlus,6T McLaren
1814,OnePlus,6T
1815,OnePlus,5T
1816,OnePlus,3T
1817,OnePlus,One
1818,OnePlus,OnePlus Nord N10 5G review
1819,OnePlus,OnePlus 8T review
1820,OnePlus,OnePlus 8T hands-on review
1821,OnePlus,OnePlus Nord long-term review
1822,Oppo,Find X3 Pro
1823,Oppo,Find X3
1824,Oppo,Find X3 Neo
1825,Oppo,Find X3 Lite
1826,Oppo,F19 Pro+ 5G
1827,Oppo,F19 Pro
1828,Oppo,A94
1829,Oppo,Reno5 K
1830,Oppo,A55 5G
1831,Oppo,A93 5G
1832,Oppo,A15s
1833,Oppo,Reno5 4G
1834,Oppo,Reno5 Pro+ 5G
1835,Oppo,A53 5G
1836,Oppo,Reno5 Pro 5G
1837,Oppo,Reno5 5G
1838,Oppo,A73 5G
1839,Oppo,Reno4 F
1840,Oppo,A15
1841,Oppo,A53s
1842,Oppo,A73
1843,Oppo,A93
1844,Oppo,Reno4 Z 5G
1845,Oppo,Reno4 Lite
1846,Oppo,A33 (2020)
1847,Oppo,Reno4 SE
1848,Oppo,F17 Pro
1849,Oppo,F17
1850,Oppo,A32
1851,Oppo,A53
1852,Oppo,Watch
1853,Oppo,K7x
1854,Oppo,Reno4 Pro
1855,Oppo,Reno4
1856,Oppo,A72 5G
1857,Oppo,A12s
1858,Oppo,Reno4 Pro 5G
1859,Oppo,Reno4 5G
1860,Oppo,A92
1861,Oppo,Find X2 Neo
1862,Oppo,Oppo Reno5 Pro 5G hands-on review
1863,Oppo,Oppo Reno4 Z 5G review
1864,Oppo,Oppo Reno4 Pro 5G review
1865,Oppo,Oppo F17 Pro hands-on review
1866,Orange,Neva jet 5G
1867,Orange,Rono
1868,Orange,Gova
1869,Orange,Reyo
1870,Orange,Hiro
1871,Orange,San Diego
1872,Orange,Tahiti
1873,Orange,Monte Carlo
1874,Orange,San Francisco II
1875,Orange,Sydney
1876,Orange,Miami
1877,Orange,Malibu
1878,Orange,Dallas
1879,Orange,San Francisco
1880,Orange,Stockholm
1881,Orange,Atlanta
1882,Orange,Barcelona
1883,Orange,Rio II
1884,Orange,Rio
1885,Palm,Palm
1886,Palm,Pre 2
1887,Palm,Pre 2 CDMA
1888,Palm,Pixi Plus
1889,Palm,Pre Plus
1890,Palm,Pixi
1891,Palm,Pre
1892,Palm,Treo Pro
1893,Palm,Centro
1894,Palm,Treo 500v
1895,Palm,Treo 750
1896,Palm,Treo 680
1897,Palm,Treo 750v
1898,Palm,Treo 650
1899,Palm,Treo 600
1900,Palm,Treo 270
1901,Panasonic,Eluga I7 (2019)
1902,Panasonic,Eluga Ray 800
1903,Panasonic,P85 Nxt
1904,Panasonic,Eluga Z1 Pro
1905,Panasonic,Eluga Ray 530
1906,Panasonic,Eluga Ray 600
1907,Panasonic,Eluga X1 Pro
1908,Panasonic,P90
1909,Panasonic,P95
1910,Panasonic,Eluga I7
1911,Panasonic,Eluga Ray 550
1912,Panasonic,P101
1913,Panasonic,P100
1914,Panasonic,Eluga I9
1915,Panasonic,Eluga C
1916,Panasonic,P91
1917,Panasonic,Eluga I5
1918,Panasonic,Eluga A4
1919,Panasonic,P99
1920,Panasonic,Eluga I4
1921,Panasonic,Eluga Ray 500
1922,Panasonic,Eluga Ray 700
1923,Panasonic,P9
1924,Panasonic,Eluga I2 Activ
1925,Panasonic,Eluga A3 Pro
1926,Pantech,Breeze IV
1927,Pantech,Vega No 6
1928,Pantech,Discover
1929,Pantech,Vega R3 IM-A850L
1930,Pantech,Flex  P8010
1931,Pantech,Renue
1932,Pantech,Marauder
1933,Pantech,Vega Racer 2 IM-A830L
1934,Pantech,Vega LTE EX IM-A820L
1935,Pantech,Burst
1936,Pantech,Element
1937,Pantech,Hotshot
1938,Pantech,Link II
1939,Pantech,Pocket P9060
1940,Pantech,Jest II
1941,Pantech,Pursuit II
1942,Pantech,Breakout
1943,Pantech,Breeze III
1944,Pantech,Vega Xpress IM-A720L
1945,Pantech,S902
1946,Pantech,Crux
1947,Pantech,Laser P9050
1948,Pantech,P4000
1949,Pantech,P1000
1950,Pantech,SKY Izar IM-A630K
1951,Parla,Minu P124
1952,Parla,Sonic 3.5S
1953,Parla,Minu P123
1954,Parla,Sonic 3.5
1955,Parla,Zum Bianco
1956,Parla,Minu
1957,Parla,Gala
1958,Parla,Spriz
1959,Parla,Mist
1960,Parla,Zum
1961,Philips,S337
1962,Philips,S309
1963,Philips,V787
1964,Philips,V377
1965,Philips,S616
1966,Philips,I928
1967,Philips,V526
1968,Philips,I908
1969,Philips,S396
1970,Philips,S388
1971,Philips,S308
1972,Philips,W6610
1973,Philips,W8578
1974,Philips,W3500
1975,Philips,W8555
1976,Philips,W7555
1977,Philips,W9588
1978,Philips,W8568
1979,Philips,W8500
1980,Philips,W6500
1981,Philips,W3568
1982,Philips,T3566
1983,Philips,W7376
1984,Philips,X1560
1985,Philips,X2560
1986,Philips,X2301
1987,Philips,X2300
1988,Philips,X1510
1989,Philips,E1500
1990,Philips,D833
1991,Plum,Tag 2 3G
1992,Plum,Phantom 2
1993,Plum,Optimax 13
1994,Plum,Flipper 2
1995,Plum,Ram 8
1996,Plum,Gator 5
1997,Plum,Tag 3G
1998,Plum,Optimax 11
1999,Plum,Optimax 12
2000,Plum,Optimax 2
2001,Plum,Compass 2
2002,Plum,Flipper (2018)
2003,Plum,Axe 4
2004,Plum,Compass LTE
2005,Plum,Gator 4
2006,Plum,Phantom
2007,Plum,Ram 6
2008,Plum,Play
2009,Plum,Ram 7 - 3G
2010,Plum,Compass
2011,Plum,Hero
2012,Plum,Gator 3
2013,Plum,Axe Plus 2
2014,Plum,Optimax 10
2015,Plum,Optimax 8.0
2016,Plum,Optimax 7.0
2017,Plum,Ram 4
2018,Plum,Star
2019,Plum,Might Plus II
2020,Plum,Axe LTE
2021,Plum,Check LTE
2022,Plum,Boot 2
2023,Plum,Ram 3G
2024,Plum,Sync 4.0b
2025,Plum,Gator Plus II
2026,Plum,Ram Plus
2027,Plum,Coach Pro
2028,Plum,Trigger Plus III
2029,Plum,Might LTE
2030,Plum,Sync 5.0
2031,Posh,Memo Pro LTE L600
2032,Posh,Equal Plus X700
2033,Posh,Ultra Max LTE L550
2034,Posh,Kick Pro LTE L520
2035,Posh,Optima LTE L530
2036,Posh,Icon HD X551
2037,Posh,Volt LTE L540
2038,Posh,Volt Max LTE L640
2039,Posh,Equal Pro LTE L700
2040,Posh,Primo Plus C353
2041,Posh,Kick X511
2042,Posh,Kick Lite S410
2043,Posh,Icon S510
2044,Posh,Titan Max HD E550
2045,Posh,Ultra 5.0 LTE L500
2046,Posh,Micro X S240
2047,Posh,Titan Max HD E600
2048,Posh,Titan HD E500
2049,Posh,Equal S700
2050,Posh,Equal Lite W700
2051,Posh,Memo S580
2052,Posh,Orion Max X550
2053,Posh,Orion Pro X500
2054,Posh,Revel Pro X510
2055,Posh,Revel S500
2056,Posh,Orion S450
2057,Posh,Pegasus 4G S400
2058,Posh,Orion Mini S350
2059,Posh,Pegasus Plus C351
2060,Posh,Lynx A100
2061,Prestigio,MultiPhone 5508 Duo
2062,Prestigio,MultiPhone 5504 Duo
2063,Prestigio,MultiPhone 5503 Duo
2064,Prestigio,MultiPhone 8500 Duo
2065,Prestigio,MultiPhone 8400 Duo
2066,Prestigio,MultiPad 4 Quantum 10.1 3G
2067,Prestigio,MultiPad 4 Quantum 9.7 Colombia
2068,Prestigio,MultiPad 4 Ultra Quad 8.0 3G
2069,Prestigio,MultiPhone 7600 Duo
2070,Prestigio,MultiPhone 7500
2071,Prestigio,MultiPhone 5501 Duo
2072,Prestigio,MultiPhone 5500 Duo
2073,Prestigio,MultiPhone 5451 Duo
2074,Prestigio,MultiPhone 5450 Duo
2075,Prestigio,MultiPhone 3400 Duo
2076,Prestigio,MultiPhone 5430 Duo
2077,Prestigio,MultiPhone 5400 Duo
2078,Prestigio,MultiPhone 5300 Duo
2079,Prestigio,MultiPhone 5044 Duo
2080,Prestigio,MultiPhone 5000 Duo
2081,Prestigio,MultiPhone 4505 Duo
2082,Prestigio,MultiPhone 4500 Duo
2083,Prestigio,MultiPhone 4322 Duo
2084,Prestigio,MultiPhone 4300 Duo
2085,Prestigio,MultiPhone 4055 Duo
2086,Prestigio,MultiPhone 4044 Duo
2087,Prestigio,MultiPhone 4040 Duo
2088,Prestigio,MultiPhone 3540 Duo
2089,Prestigio,MultiPad 4 Ultimate 8.0 3G
2090,Prestigio,MultiPad 7.0 Prime Duo 3G
2091,Prestigio,Multipad 4 Quantum 10.1
2092,Prestigio,Multipad 4 Quantum 9.7
2093,Prestigio,Multipad 4 Quantum 7.85
2094,Prestigio,MultiPad Note 8.0 3G
2095,Prestigio,MultiPad 2 Pro Duo 8.0 3G
2096,Prestigio,MultiPad 2 Ultra Duo 8.0 3G
2097,Prestigio,MultiPad 2 Ultra Duo 8.0
2098,Prestigio,MultiPad 10.1 Ultimate 3G
2099,Prestigio,MultiPad 10.1 Ultimate
2100,Prestigio,MultiPad 7.0 Prime 3G
2101,QMobile,Noir A1
2102,QMobile,Noir E2
2103,QMobile,J7 Pro
2104,QMobile,M6
2105,QMobile,M6 Lite
2106,QMobile,King Kong Max
2107,QMobile,M350 Pro
2108,QMobile,Energy X2
2109,QMobile,E1
2110,QMobile,Noir S6 Plus
2111,QMobile,Noir J7
2112,QMobile,Noir Z12 Pro
2113,QMobile,Noir Z14
2114,QMobile,Noir LT680
2115,QMobile,Noir LT700 Pro
2116,QMobile,Noir S4
2117,QMobile,Noir LT750
2118,QMobile,Noir i6 Metal HD
2119,QMobile,Noir A6
2120,QMobile,Noir S9
2121,QMobile,Noir Z9 Plus
2122,QMobile,Noir Z12
2123,QMobile,Noir Z10
2124,QMobile,Noir E8
2125,QMobile,Noir S2
2126,QMobile,Noir S5
2127,QMobile,Linq L15
2128,QMobile,Noir Z9
2129,QMobile,A1
2130,QMobile,Noir S1
2131,QMobile,Power3
2132,QMobile,T50 Bolt
2133,QMobile,T200 Bolt
2134,QMobile,Noir X950
2135,QMobile,QTab V10
2136,QMobile,Explorer 3G
2137,QMobile,Noir i8
2138,QMobile,Noir X450
2139,QMobile,Noir Z8 Plus
2140,QMobile,Noir X350
2141,Qtek,9600
2142,Qtek,8600
2143,Qtek,A9100
2144,Qtek,8500
2145,Qtek,S200
2146,Qtek,9000
2147,Qtek,8310
2148,Qtek,8300
2149,Qtek,9100
2150,Qtek,8100
2151,Qtek,S110
2152,Qtek,S100
2153,Qtek,9090
2154,Qtek,8020
2155,Qtek,8010
2156,Qtek,2020i
2157,Qtek,2020
2158,Qtek,8080
2159,Qtek,8060
2160,Qtek,1010
2161,Qtek,7070
2162,Razer,Phone 2
2163,Razer,Razer Phone 2 review
2164,Razer,Razer Phone 2 hands-on review
2165,Razer,Razer Phone review
2166,Razer,Razer Phone hands-on review
2167,Realme,C21
2168,Realme,GT 5G
2169,Realme,Narzo 30 Pro 5G
2170,Realme,Narzo 30A
2171,Realme,V11 5G
2172,Realme,C20
2173,Realme,X7 (India)
2174,Realme,V15 5G
2175,Realme,Watch S Pro
2176,Realme,7i (Global)
2177,Realme,7 5G
2178,Realme,Watch S
2179,Realme,C15 Qualcomm Edition
2180,Realme,Q2 Pro
2181,Realme,Q2
2182,Realme,Q2i
2183,Realme,7 (Global)
2184,Realme,Narzo 20 Pro
2185,Realme,Narzo 20
2186,Realme,Narzo 20A
2187,Realme,C17
2188,Realme,7i
2189,Realme,7 Pro
2190,Realme,7 (Asia)
2191,Realme,X7 Pro
2192,Realme,X7
2193,Realme,V3
2194,Realme,C12
2195,Realme,V5 5G
2196,Realme,C15
2197,Realme,6i (India)
2198,Realme,X50 5G
2199,Realme,C11
2200,Realme,X3
2201,Realme,C3i
2202,Realme,Narzo
2203,Realme,X3 SuperZoom
2204,Realme,6S
2205,Realme,X50 Pro Player
2206,Realme,Watch
2207,Realme,Narzo 10
2208,Realme,Narzo 10A
2209,Realme,X50m 5G
2210,Realme,6i
2211,Realme,6 Pro
2212,Realme,X50 Pro 5G
2213,Realme,C3 (3 cameras)
2214,Realme,C3
2215,Realme,X50 5G (China)
2216,Realme,Realme X7 Pro hands-on review
2217,Realme,Realme 7 5G review
2218,Realme,Realme 7 review
2219,Realme,Realme 7 Pro review
2220,Sagem,Puma Phone
2221,Sagem,my421z
2222,Sagem,Roland Garros
2223,Sagem,myMobileTV 2
2224,Sagem,my411C Oxbow
2225,Sagem,my855c
2226,Sagem,my810x
2227,Sagem,my750x
2228,Sagem,my721x
2229,Sagem,my721z
2230,Sagem,my521x
2231,Sagem,my519x
2232,Sagem,my421x
2233,Sagem,my429x
2234,Sagem,my419x
2235,Sagem,P9522 Porsche
2236,Sagem,P9521 Porsche
2237,Sagem,my730c
2238,Sagem,my411c
2239,Sagem,my312x
2240,Sagem,my234x
2241,Sagem,my231x
2242,Sagem,my230x
2243,Sagem,my226x
2244,Sagem,my220x
2245,Sagem,my901C
2246,Sagem,my900C
2247,Sagem,my850C
2248,Sagem,my800X
2249,Sagem,my700X
2250,Sagem,my600X
2251,Sagem,my600V
2252,Sagem,my511X
2253,Sagem,my501X
2254,Sagem,my501C
2255,Sagem,my500X
2256,Sagem,my411X
2257,Sagem,my405X
2258,Sagem,my401X
2259,Sagem,my401Z
2260,Samsung,Galaxy Xcover 5
2261,Samsung,Galaxy A32
2262,Samsung,Galaxy M62
2263,Samsung,Galaxy F62
2264,Samsung,Galaxy M12
2265,Samsung,Galaxy S21 Ultra 5G
2266,Samsung,Galaxy S21+ 5G
2267,Samsung,Galaxy S21 5G
2268,Samsung,Galaxy A32 5G
2269,Samsung,Galaxy M02s
2270,Samsung,Galaxy A12
2271,Samsung,Galaxy M02
2272,Samsung,Galaxy
2272,Samsung,Galaxy A02
2273,Samsung,Galaxy A02s
2274,Samsung,Galaxy M21s
2275,Samsung,Galaxy M31 Prime
2276,Samsung,Galaxy F41
2277,Samsung,Galaxy Tab Active3
2278,Samsung,Galaxy S20 FE 5G
2279,Samsung,Galaxy S20 FE
2280,Samsung,Galaxy A42 5G
2281,Samsung,Galaxy Tab A7 10.4 (2020)
2282,Samsung,Galaxy M51
2283,Samsung,Galaxy A51 5G UW
2284,Samsung,Galaxy Z Fold2 5G
2285,Samsung,Galaxy Note20 Ultra 5G
2286,Samsung,Galaxy Note20 Ultra
2287,Samsung,Galaxy Note20 5G
2288,Samsung,Galaxy Note20
2289,Samsung,Galaxy Watch3
2290,Samsung,Galaxy Tab S7+
2291,Samsung,Galaxy Tab S7
2292,Samsung,Galaxy Z Flip 5G
2293,Samsung,Galaxy M31s
2294,Samsung,Galaxy M01s
2295,Samsung,Galaxy M01 Core
2296,Samsung,Galaxy A01 Core
2297,Samsung,Galaxy A71 5G UW
2298,Samsung,Galaxy M01
2299,Samsung,Galaxy A21s
2300,Samsung,Galaxy J2 Core (2020)
2301,Samsung,Galaxy A Quantum
2302,Samsung,Galaxy A71 5G
2303,Samsung,Galaxy A51 5G
2304,Samsung,Galaxy A21
2305,Samsung,Galaxy Tab A 8.4 (2020)
2306,Samsung,Galaxy Tab S6 Lite
2307,Samsung,Galaxy M11
2308,Samsung,Galaxy A31
2309,Samsung,Galaxy A41
2310,Samsung,Galaxy M21
2311,Samsung,Galaxy A11
2312,Samsung,Galaxy M31
2313,Samsung,Galaxy S20 Ultra 5G
2314,Samsung,Galaxy S20 Ultra
2315,Samsung,Galaxy S20+ 5G
2316,Samsung,Galaxy S20+
2317,Samsung,Galaxy S20 5G UW
2318,Samsung,Galaxy S20 5G
2319,Samsung,Galaxy S20
2320,Samsung,Galaxy Z Flip
2321,Samsung,Galaxy Tab S6 5G
2322,Samsung,Galaxy Xcover Pro
2323,Samsung,Galaxy Note10 Lite
2324,Samsung,Galaxy S10 Lite
2325,Samsung,Galaxy A01
2326,Samsung,Galaxy A71
2327,Samsung,Galaxy A51
2328,Samsung,Galaxy Xcover FieldPro
2329,Samsung,Galaxy A70s
2330,Samsung,Galaxy A20s
2331,Samsung,Galaxy M30s
2332,Samsung,Galaxy M10s
2333,Samsung,Galaxy Fold 5G
2334,Samsung,Galaxy Fold
2335,Samsung,Galaxy Tab Active Pro
2336,Samsung,Galaxy A90 5G
2337,Samsung,Galaxy A30s
2338,Samsung,Galaxy A50s
2339,Samsung,Galaxy Note10+ 5G
2340,Samsung,Galaxy Note10+
2341,Samsung,Galaxy Note10 5G
2342,Samsung,Galaxy Note10
2343,Samsung,Galaxy Watch Active2
2344,Samsung,Galaxy Watch Active2 Aluminum
2345,Samsung,Samsung Galaxy A02s/M02s review
2346,Samsung,Samsung Galaxy A12 review
2347,Samsung,Samsung Galaxy S21+ 5G review
2348,Samsung,Samsung Galaxy Note20 Ultra long-term review
2349,Sendo,X2
2350,Sendo,S1
2351,Sendo,K1
2352,Sendo,P600
2353,Sendo,SV663
2354,Sendo,M570
2355,Sendo,S600
2356,Sendo,S360
2357,Sendo,S330
2358,Sendo,S300
2359,Sendo,M550
2360,Sendo,Z100
2361,Sendo,J530
2362,Sendo,J520
2363,Sendo,S230
2364,Sendo,P200
2365,Sendo,S200
2366,Sendo,D800
2367,Sewon,SRS-3300
2368,Sewon,SRD-3000
2369,Sewon,SRD-200
2370,Sewon,SGD-1050
2371,Sewon,SGD-1030
2372,Sewon,SGD-1020
2373,Sewon,SGD-1010
2374,Sewon,SGD-1000
2375,Sewon,SGD-106
2376,Sewon,SGD-105
2377,Sewon,SGD-102
2378,Sewon,SGD-101
2379,Sewon,SG-2890CD
2380,Sewon,SG-2320CD
2381,Sewon,SG-2300CD
2382,Sewon,SG-2200CD
2383,Sewon,SG-2880CS
2384,Sewon,SG-2100CS
2385,Sewon,SG-2000CS
2386,Sewon,SG-P100
2387,Sharp,Aquos Zero 2
2388,Sharp,Aquos V
2389,Sharp,Aquos Zero
2390,Sharp,Aquos R2 compact
2391,Sharp,Aquos D10
2392,Sharp,Aquos B10
2393,Sharp,Aquos C10
2394,Sharp,Aquos S3 High
2395,Sharp,Aquos R2
2396,Sharp,Aquos S3
2397,Sharp,Aquos S3 mini
2398,Sharp,Pi
2399,Sharp,R1S
2400,Sharp,Aquos S2
2401,Sharp,Z3
2402,Sharp,Sharp Aquos S2 hands-on review
2403,Siemens,AL21
2404,Siemens,A31
2405,Siemens,AF51
2406,Siemens,ME75
2407,Siemens,AP75
2408,Siemens,AX72
2409,Siemens,SG75
2410,Siemens,SFG75
2411,Siemens,CC75
2412,Siemens,CF110
2413,Siemens,C72
2414,Siemens,S75
2415,Siemens,SL75
2416,Siemens,C75
2417,Siemens,SP65
2418,Siemens,SXG75
2419,Siemens,M75
2420,Siemens,CX75
2421,Siemens,CF75
2422,Siemens,CL75
2423,Siemens,AX75
2424,Siemens,A75
2425,Siemens,A70
2426,Siemens,SF65
2427,Siemens,CX70 Emoty
2428,Siemens,CX70
2429,Siemens,SX66
2430,Siemens,SK65
2431,Siemens,A65
2432,Siemens,A62
2433,Siemens,A51
2434,Siemens,SL65
2435,Siemens,CFX65
2436,Siemens,S65
2437,Siemens,M65
2438,Siemens,C65
2439,Siemens,CXT65
2440,Siemens,CX65
2441,Siemens,CF62
2442,Siemens,A57
2443,Siemens,PenPhone
2444,Siemens,ST60
2445,Siemens,CL55
2446,Siemens,Xelibri 8
2447,Siemens,Xelibri 7
2448,Sonim,XP8
2449,Sonim,XP7
2450,Sonim,XP6
2451,Sonim,XP3400 Armor
2452,Sonim,XP5300 Force 3G
2453,Sonim,XP3340 Sentinel
2454,Sonim,XP3300 Force
2455,Sonim,XP1300 Core
2456,Sonim,XP3 Sentinel
2457,Sonim,XP2.10 Spirit
2458,Sonim,XP3.20 Quest Pro
2459,Sonim,XP3.20 Quest
2460,Sonim,XP3 Enduro
2461,Sonim,XP1
2462,Sony,Xperia Pro
2463,Sony,Xperia 5 II
2464,Sony,Xperia 1 II
2465,Sony,Xperia 10 II
2466,Sony,Xperia L4
2467,Sony,Xperia 5
2468,Sony,Xperia 1
2469,Sony,Xperia 10 Plus
2470,Sony,Xperia 10
2471,Sony,Xperia L3
2472,Sony,Xperia XA2 Plus
2473,Sony,Xperia XZ3
2474,Sony,Xperia XZ2 Premium
2475,Sony,Xperia XZ2
2476,Sony,Xperia XZ2 Compact
2477,Sony,Xperia XA2 Ultra
2478,Sony,Xperia XA2
2479,Sony,Xperia L2
2480,Sony,Xperia R1 (Plus)
2481,Sony,Xperia XZ1
2482,Sony,Xperia XA1 Plus
2483,Sony,Xperia XZ1 Compact
2484,Sony,Xperia L1
2485,Sony,Xperia XZs
2486,Sony,Xperia XZ Premium
2487,Sony,Xperia XA1 Ultra
2488,Sony,Xperia XA1
2489,Sony,Xperia X Compact
2490,Sony,Xperia XZ
2491,Sony,Xperia E5
2492,Sony,Sony Xperia 5 II review
2493,Sony,Sony Xperia 10 II review
2494,Sony,Sony Xperia 1 II review
2495,Sony,Sony Xperia 5 review
2496,Sony Ericsson,Xperia Arc S
2497,Sony Ericsson,Xperia neo V
2498,Sony Ericsson,Live with Walkman
2499,Sony Ericsson,Xperia ray
2500,Sony Ericsson,Xperia active
2501,Sony Ericsson,txt
2502,Sony Ericsson,Mix Walkman
2503,Sony Ericsson,txt pro
2504,Sony Ericsson,Xperia mini
2505,Sony Ericsson,Xperia mini pro
2506,Sony Ericsson,WT18i
2507,Sony Ericsson,W8
2508,Sony Ericsson,Xperia PLAY
2509,Sony Ericsson,Xperia pro
2510,Sony Ericsson,Xperia Neo
2511,Sony Ericsson,Xperia Arc
2512,Sony Ericsson,Xperia PLAY CDMA
2513,Sony Ericsson,A8i
2514,Sony Ericsson,Xperia X8
2515,Sony Ericsson,Cedar
2516,Sony Ericsson,Yendo
2517,Sony Ericsson,BRAVIA S004
2518,Sony Ericsson,S003
2519,Sony Ericsson,Zylo
2520,Sony Ericsson,Spiro
2521,Sony Ericsson,Xperia X10 mini pro
2522,Sony Ericsson,Xperia X10 mini
2523,Sony Ericsson,Vivaz pro
2524,Sony Ericsson,Aspen
2525,Sony Ericsson,Vivaz
2526,Sony Ericsson,Hazel
2527,Sony Ericsson,Elm
2528,Sony Ericsson,Xperia Pureness
2529,Sony Ericsson,Xperia X10
2530,Sony Ericsson,Xperia X2
2531,Sony Ericsson,Jalou D&G edition
2532,Sony Ericsson,Jalou
2533,Sony Ericsson,T715
2534,Sony Ericsson,C901 GreenHeart
2535,Sony Ericsson,J105 Naite
2536,Sony Ericsson,Satio (Idou)
2537,Sony Ericsson,Aino
2538,Sony Ericsson,Yari
2539,Sony Ericsson,S312
2540,Sony Ericsson,W205
2541,Sony Ericsson,T707
2542,Sony Ericsson,W995
2543,Sony Ericsson,C903
2544,Sony Ericsson,C901
2545,Sony Ericsson,W395
2546,Spice,Smart Pulse (M-9010)
2547,Spice,Fire One (Mi-FX-1)
2548,Spice,N-300
2549,Spice,Smart Flo 508 (Mi-508)
2550,Spice,Smart Flo 503 (Mi-503)
2551,Spice,Smart Flo 359 (Mi-359)
2552,Spice,Smart Flo 358 (Mi-358)
2553,Spice,Stellar 439 (Mi-439)
2554,Spice,Stellar 361 (Mi-361)
2555,Spice,Stellar 507 (Mi-507)
2556,Spice,Stellar 509 (Mi-509)
2557,Spice,Stellar 600 (Mi-600)
2558,Spice,Stellar 526 (Mi-526)
2559,Spice,Stellar 520 (Mi-520)
2560,Spice,Stellar 520n (Mi-520n)
2561,Spice,Stellar 440 (Mi-440)
2562,Spice,Stellar 470 (Mi-470)
2563,Spice,Mi-449 3G
2564,Spice,Mi-451 3G
2565,Spice,Mi-498 Dream Uno
2566,Spice,Mi-506 Stellar Mettle Icon
2567,Spice,Mi-356 Smart Flo Mettle 3.5X
2568,Spice,Mi-426 Smart Flo Mettle 4.0X
2569,Spice,Mi-438 Stellar Glide
2570,Spice,Mi-504 Smart Flo Mettle 5X
2571,Spice,Mi-451 Smartflo Poise
2572,Spice,Mi-496 Spice Coolpad 2
2573,Spice,Mi-423 Smart Flo Ivory 2
2574,Spice,Mi-349 Smart Flo Edge
2575,Spice,Mi-550 Pinnacle Stylus
2576,Spice,Mi-502n Smart FLO Pace3
2577,Spice,Mi-492 Stellar Virtuoso Pro+
2578,Spice,Mi-437 Stellar Nhance 2
2579,Spice,Mi-436 Stellar Glamour
2580,Spice,Mi-354 Smartflo Space
2581,Spice,Mi-525 Pinnacle FHD
2582,Spice,Mi-515 Coolpad
2583,Spice,Mi-510 Stellar Prime
2584,Spice,Mi-505 Stellar Horizon Pro
2585,Spice,Mi-491 Stellar Virtuoso Pro
2586,T,REVVL 5G
2587,T,REVVL 4+
2588,T,REVVL 4
2589,T,Revvlry+
2590,T,Revvlry
2591,T,Revvl
2592,T,Prism II
2593,T,Concord
2594,T,myTouch Q 2
2595,T,myTouch 2
2596,T,Prism
2597,T,Move Balance
2598,T,Arizona
2599,T,Vivacity
2600,T,myTouch 4G Slide
2601,T,Energy
2602,T,SpringBoard
2603,T,myTouch Q
2604,T,myTouch
2605,T,G-Slate
2606,T,Move
2607,T,G2x
2608,T,Sidekick 4G
2609,T,Vairy Text II
2610,T,Vibe E200
2611,T,Comet
2612,T,myTouch 4G
2613,T,G2
2614,T,myTouch 3G Slide
2615,T,Garminfone
2616,T,Pulse Mini
2617,T,myTouch 3G Fender Edition
2618,T,HD2
2619,T,Tap
2620,T,Pulse
2621,T,Vairy Text
2622,T,Vairy Touch II
2623,T,G2 Touch
2624,T,Dash 3G
2625,T,myTouch 3G 1.2
2626,TCL,Tab 10s
2627,TCL,NxtPaper
2628,TCL,20 5G
2629,TCL,20 SE
2630,TCL,10 5G UW
2631,TCL,MoveTime
2632,TCL,10 TabMid
2633,TCL,10 TabMax
2634,TCL,10 SE
2635,TCL,10 Plus
2636,TCL,10 5G
2637,TCL,10 Pro
2638,TCL,10L
2639,TCL,Plex
2640,Tecno,Camon 16 Pro
2641,Tecno,Camon 16 S
2642,Tecno,Spark 6 Go
2643,Tecno,Spark Go 2020
2644,Tecno,Pova
2645,Tecno,Camon 16
2646,Tecno,Spark 6 Air
2647,Tecno,Spark 6
2648,Tecno,Camon 16 Premier
2649,Tecno,Pouvoir 4 Pro
2650,Tecno,Pop 4
2651,Tecno,Pouvoir 4
2652,Tecno,Spark Power 2
2653,Tecno,Spark 5 Air
2654,Tecno,Spark 5 pro
2655,Tecno,Spark 5
2656,Tecno,Camon 15 Premier
2657,Tecno,Camon 15 Air
2658,Tecno,Camon 15 Pro
2659,Tecno,Camon 15
2660,Tecno,Camon 12 Air
2661,Tecno,Pop 3 Plus
2662,Tecno,Spark 4 Lite
2663,Tecno,Spark 4
2664,Tecno,Camon 12 Pro
2665,Tecno,Tecno Camon 16 Premier review
2666,Tel,T939
2667,Tel,T918
2668,Tel,T919i
2669,Tel,T919
2670,Tel,T910
2671,Tel,T909c
2672,Tel,T909
2673,Telit,t800
2674,Telit,t250
2675,Telit,t650
2676,Telit,t200
2677,Telit,GU1100
2678,Telit,SP600
2679,Telit,t550
2680,Telit,t420
2681,Telit,t180
2682,Telit,t410
2683,Telit,t130
2684,Telit,t110
2685,Telit,t210
2686,Telit,T510
2687,Telit,C1000
2688,Telit,T91
2689,Telit,T90
2690,Telit,NEO
2691,Telit,X60i
2692,Telit,G90
2693,Telit,G83
2694,Telit,G80
2695,Telit,G82
2696,Telit,G40
2697,Telit,GM 882
2698,Telit,GM 830
2699,Telit,GM 810
2700,Telit,Estremo
2701,Telit,GM 710
2702,Telit,GM 410
2703,Thuraya,SG-2520
2704,Toshiba,Excite Go
2705,Toshiba,Excite 7c AT7-B8
2706,Toshiba,Excite Pro
2707,Toshiba,Excite Write
2708,Toshiba,Excite Pure
2709,Toshiba,Excite 10 SE
2710,Toshiba,Excite 13 AT335
2711,Toshiba,Excite 10 AT305
2712,Toshiba,Excite 7.7 AT275
2713,Toshiba,Excite AT200
2714,Toshiba,Thrive 7
2715,Toshiba,Windows Phone IS12T
2716,Toshiba,Thrive
2717,Toshiba,K01
2718,Toshiba,TG02
2719,Toshiba,TG01
2720,Toshiba,G810
2721,Toshiba,G910 / G920
2722,Toshiba,G450
2723,Toshiba,G710
2724,Toshiba,G900
2725,Toshiba,G500
2726,Toshiba,TS605
2727,Toshiba,TX80
2728,Toshiba,TS32
2729,Toshiba,TS705
2730,Toshiba,TS608
2731,Toshiba,TX62
2732,Toshiba,904T
2733,Toshiba,903T
2734,Toshiba,705T
2735,Toshiba,TS921
2736,Toshiba,TS808
2737,Toshiba,TS803
2738,Toshiba,TS10
2739,Ulefone,Armor 11 5G
2740,Ulefone,Note 11P
2741,Ulefone,Note 10
2742,Ulefone,Armor Mini 2
2743,Ulefone,Note 7T
2744,Ulefone,Armor 10 5G
2745,Ulefone,Watch Pro
2746,Ulefone,Watch GPS
2747,Ulefone,Watch
2748,Ulefone,Armor X8
2749,Ulefone,Armor 8 5G
2750,Ulefone,Armor 9E
2751,Ulefone,Armor X5 Pro
2752,Ulefone,Note 8
2753,Ulefone,Armor 8
2754,Ulefone,Note 9P
2755,Ulefone,Armor 9
2756,Ulefone,Note 8P
2757,Ulefone,Armor X7 Pro
2758,Ulefone,Armor 7E
2759,Ulefone,Armor X7
2760,Ulefone,Armor 7
2761,Ulefone,Armor X6
2762,Ulefone,Armor 6S
2763,Ulefone,Armor 3W
2764,Ulefone,Ulefone Armor 9 review
2765,Ulefone,Ulefone Armor 7 review
2766,Unnecto,Bolt
2767,Unnecto,Neo V
2768,Unnecto,Quattro S
2769,Unnecto,Quattro V
2770,Unnecto,Drone XS
2771,Unnecto,Primo 2G
2772,Unnecto,Omnia
2773,Unnecto,Swift
2774,Unnecto,Quattro X
2775,Unnecto,Drone XL
2776,Unnecto,Drone X
2777,Unnecto,Air 5.5
2778,Unnecto,Air 5.0
2779,Unnecto,Air 4.5
2780,Unnecto,Rush
2781,Unnecto,Quattro Z
2782,Unnecto,Drone Z
2783,Unnecto,Quattro
2784,Unnecto,Blaze
2785,Unnecto,Drone
2786,Unnecto,Tap
2787,Unnecto,Pro Z
2788,Unnecto,Edge
2789,Unnecto,Shell
2790,Unnecto,Pebble
2791,Unnecto,Drift
2792,Unnecto,Eco
2793,Unnecto,Primo 3G
2794,Unnecto,Primo
2795,Vertu,Signature Touch (2015)
2796,Vertu,Aster
2797,Vertu,Signature Touch
2798,Vertu,Constellation 2013
2799,Vertu,Constellation
2800,Vertu,Ascent Ferrari GT
2801,Vertu,Constellation Quest
2802,Vertu,Ascent 2010
2803,Vertu,Constellation Ayxta
2804,Vertu,Ascent Ti Damascus Steel
2805,Vertu,Signature S
2806,Vertu,Ascent Ti
2807,Vertu,Constellation 2006
2808,Vertu,Diamond
2809,Vertu,Ascent
2810,Vertu,Signature
2811,verykool,s5702 Royale Quattro
2812,verykool,s5037 Apollo Quattro
2813,verykool,s5036 Apollo
2814,verykool,s5200 Orion
2815,verykool,s5031 Bolt Turbo
2816,verykool,sl5029 Bolt Pro LTE
2817,verykool,s5029 Bolt Pro
2818,verykool,s5205 Orion Pro
2819,verykool,s6005X Cyprus Pro
2820,verykool,s5527 Alpha Pro
2821,verykool,s5528 Cosmo
2822,verykool,SL5565 Rocket
2823,verykool,T7445
2824,verykool,s4009 Crystal
2825,verykool,s5526 Alpha
2826,verykool,s5034 Spear Jr.
2827,verykool,s5035 Spear
2828,verykool,s5028 Bolt
2829,verykool,s5027 Bolt Pro
2830,verykool,s5007 Lotus Plus
2831,verykool,s4513 Luna II
2832,verykool,SL5560 Maverick Pro
2833,verykool,s5021 Wave Pro
2834,verykool,s5019 Wave
2835,verykool,s4008 Leo V
2836,verykool,Sl5200 Eclipse
2837,verykool,sl5050 Phantom
2838,verykool,s6004 Cyprus Jr.
2839,verykool,s5524 Maverick III Jr.
2840,verykool,s5525 Maverick III
2841,verykool,Kolorpad LTE TL8010
2842,verykool,s4007 Leo IV
2843,verykool,s6005 Cyprus II
2844,verykool,s5530 Maverick II
2845,verykool,s5030 Helix II
2846,verykool,SL5011 Spark LTE
2847,verykool,SL6010 Cyprus LTE
2848,verykool,s5025 Helix
2849,verykool,s5020 Giant
2850,verykool,s5001 Lotus
2851,vivo,S9
2852,vivo,S9e
2853,vivo,S7t
2854,vivo,X60 Pro+
2855,vivo,Y31
2856,vivo,Y20G
2857,vivo,Y31s
2858,vivo,iQOO 7
2859,vivo,Y20A
2860,vivo,Y20 2021
2861,vivo,X60 Pro
2862,vivo,X60
2863,vivo,V20 2021
2864,vivo,Y30 Standard
2865,vivo,iQOO U3
2866,vivo,Y52s
2867,vivo,Y51a
2868,vivo,"Y51 (2020, December)"
2869,vivo,Y12s
2870,vivo,Y12i
2871,vivo,Y1s
2872,vivo,S7e
2873,vivo,X51 5G
2874,vivo,iQOO U1x
2875,vivo,Y3s
2876,vivo,Y30 (China)
2877,vivo,Y11s
2878,vivo,Y70
2879,vivo,Y20s
2880,vivo,Y73s
2881,vivo,X50e
2882,vivo,V20
2883,vivo,Watch
2884,vivo,V20 SE
2885,vivo,V20 Pro
2886,vivo,"Y51 (2020, September)"
2887,vivo,Y20i
2888,vivo,Y20
2889,vivo,iQOO 5 Pro 5G
2890,vivo,iQOO 5 5G
2891,vivo,vivo V20 Pro 5G hands-on review
2892,vivo,vivo V20 review
2893,vivo,vivo X50 Pro+ review
2894,vivo,vivo X50 hands-on review
2895,VK Mobile,VK2030
2896,VK Mobile,VK2200
2897,VK Mobile,VK7000
2898,VK Mobile,VK5000
2899,VK Mobile,VK300
2900,VK Mobile,VK4000
2901,VK Mobile,VK4100
2902,VK Mobile,VK2020
2903,VK Mobile,VK200
2904,VK Mobile,VK4500
2905,VK Mobile,VK3100
2906,VK Mobile,VK2100
2907,VK Mobile,VK2010
2908,VK Mobile,VK1500
2909,VK Mobile,VK1100
2910,VK Mobile,VK1020
2911,VK Mobile,VK1010
2912,VK Mobile,VK1000
2913,VK Mobile,VK2000
2914,VK Mobile,E100
2915,VK Mobile,VK570
2916,VK Mobile,VK700
2917,VK Mobile,VK900
2918,VK Mobile,VK800
2919,VK Mobile,VK530
2920,VK Mobile,VK610
2921,VK Mobile,VK580
2922,VK Mobile,VK560
2923,VK Mobile,VK540
2924,VK Mobile,VK520
2925,VK Mobile,VK500
2926,Vodafone,Smart V10
2927,Vodafone,Smart N10
2928,Vodafone,Smart E9
2929,Vodafone,Smart X9
2930,Vodafone,Smart N9
2931,Vodafone,Smart N9 lite
2932,Vodafone,Smart Tab N8
2933,Vodafone,Smart E8
2934,Vodafone,Smart V8
2935,Vodafone,Smart N8
2936,Vodafone,Tab Prime 7
2937,Vodafone,Smart Turbo 7
2938,Vodafone,Smart ultra 7
2939,Vodafone,Smart Platinum 7
2940,Vodafone,Smart prime 7
2941,Vodafone,Smart first 7
2942,Vodafone,Smart speed 6
2943,Vodafone,Smart ultra 6
2944,Vodafone,Tab Prime 6
2945,Vodafone,Smart prime 6
2946,Vodafone,Smart first 6
2947,Vodafone,Smart 4 max
2948,Vodafone,Smart Tab 4G
2949,Vodafone,Smart 4G
2950,Vodafone,Smart 4 turbo
2951,Wiko,Y81
2952,Wiko,Y61
2953,Wiko,View4 Lite
2954,Wiko,Sunny4
2955,Wiko,View3 Lite
2956,Wiko,Y60
2957,Wiko,Sunny3 Plus
2958,Wiko,Tommy3 Plus
2959,Wiko,Jerry3
2960,Wiko,Y80
2961,Wiko,Sunny3
2962,Wiko,View3 Pro
2963,Wiko,View3
2964,Wiko,View2 Go
2965,Wiko,View2 Plus
2966,Wiko,View Max
2967,Wiko,View2 Pro
2968,Wiko,View2
2969,Wiko,View Prime
2970,Wiko,View XL
2971,Wiko,View
2972,Wiko,WIM
2973,Wiko,WIM Lite
2974,Wiko,Upulse
2975,Wiko,Upulse lite
2976,Wiko,Tommy2 Plus
2977,Wiko,Tommy2
2978,Wiko,Harry
2979,Wiko,Jerry2
2980,Wiko,Jerry
2981,Wiko,Kenny
2982,Wiko,Lenny3 Max
2983,Wiko,Lenny4 Plus
2984,Wiko,Lenny4
2985,Wiko,Ufeel fab
2986,Wiko,Ufeel go
2987,Wiko,Ufeel
2988,Wiko,U Feel Prime
2989,Wiko,U Feel Lite
2990,Wiko,Tommy
2991,WND,Wind Van Gogh 2100
2992,WND,Wind DUO 2300
2993,WND,Wind DUO 2200
2994,WND,Wind DUO 2100
2995,WND,Wind DUO 2000
2996,XCute,DV80
2997,XCute,DV50
2998,XCute,DV2
2999,XCute,DV1
3000,Xiaomi,Mi 10S
3001,Xiaomi,Redmi Note 10 Pro
3002,Xiaomi,Redmi Note 10 5G
3003,Xiaomi,Redmi Note 10S
3004,Xiaomi,Redmi Note 10
3005,Xiaomi,Redmi Note 10 Pro Max
3006,Xiaomi,Redmi Note 10 Pro (India)
3007,Xiaomi,Redmi K40 Pro+
3008,Xiaomi,Redmi K40 Pro
3009,Xiaomi,Redmi K40
3010,Xiaomi,Redmi Note 9T
3011,Xiaomi,Redmi 9T
3012,Xiaomi,Mi 10i 5G
3013,Xiaomi,Mi 11
3014,Xiaomi,Redmi 9 Power
3015,Xiaomi,Mi Watch Lite
3016,Xiaomi,Redmi Note 9 Pro 5G
3017,Xiaomi,Redmi Note 9 5G
3018,Xiaomi,Redmi Note 9 4G
3019,Xiaomi,Redmi Watch
3020,Xiaomi,Poco M3
3021,Xiaomi,Redmi K30S
3022,Xiaomi,Mi Watch Color Sports
3023,Xiaomi,Poco C3
3024,Xiaomi,Mi 10T Pro 5G
3025,Xiaomi,Mi 10T 5G
3026,Xiaomi,Mi 10T Lite 5G
3027,Xiaomi,Mi Watch
3028,Xiaomi,Mi Watch Revolve
3029,Xiaomi,Redmi 9AT
3030,Xiaomi,Redmi 9i
3031,Xiaomi,Poco M2
3032,Xiaomi,Poco X3
3033,Xiaomi,Poco X3 NFC
3034,Xiaomi,Redmi 9 (India)
3035,Xiaomi,Mi 10 Ultra
3036,Xiaomi,Redmi K30 Ultra
3037,Xiaomi,Redmi 9 Prime
3038,Xiaomi,Black Shark 3S
3039,Xiaomi,Poco M2 Pro
3040,Xiaomi,Xiaomi Redmi 9T review
3041,Xiaomi,Xiaomi Redmi Note 10 Pro (Max) review
3042,Xiaomi,Xiaomi Mi 11 review
3043,Xiaomi,Xiaomi Redmi Note 9T review
3044,XOLO,Era 2X
3045,XOLO,Era 2
3046,XOLO,Era 1X
3047,XOLO,Era X
3048,XOLO,Era 4K
3049,XOLO,Era 4G
3050,XOLO,One HD
3051,XOLO,Black 3GB
3052,XOLO,Black 1X
3053,XOLO,Black
3054,XOLO,Era
3055,XOLO,Cube 5.0
3056,XOLO,Prime
3057,XOLO,LT2000
3058,XOLO,A1010
3059,XOLO,Win Q1000
3060,XOLO,8X-1020
3061,XOLO,Q700 Club
3062,XOLO,Q520s
3063,XOLO,Q900s Plus
3064,XOLO,Omega 5.5
3065,XOLO,Omega 5.0
3066,XOLO,Opus 3
3067,XOLO,Q710s
3068,XOLO,Q1020
3069,XOLO,One
3070,XOLO,Q2100
3071,XOLO,Opus HD
3072,XOLO,Play 8X-1100
3073,XOLO,Q510s
3074,XOLO,Q700s plus
3075,XOLO,Q1000s plus
3076,XOLO,Q610s
3077,XOLO,A1000s
3078,XOLO,Play 8X-1200
3079,XOLO,Hive 8X-1000
3080,XOLO,A550S IPS
3081,XOLO,Q900s
3082,XOLO,Q500s IPS
3083,XOLO,A700s
3084,Yezz,Liv 1s
3085,Yezz,Art 1 Pro
3086,Yezz,Liv 2 LTE
3087,Yezz,Art 1
3088,Yezz,GO 1
3089,Yezz,Max 1 Plus
3090,Yezz,LIV1
3091,Yezz,Max 1
3092,Yezz,Andy 4E7
3093,Yezz,Andy 5E5
3094,Yezz,Epic T
3095,Yezz,Andy 4E4
3096,Yezz,4.5EL LTE
3097,Yezz,5M
3098,Yezz,C21
3099,Yezz,Andy 5EI3 (2016)
3100,Yezz,Andy 5E3
3101,Yezz,Andy 4.7T
3102,Yezz,Andy 5M LTE
3103,Yezz,CC40
3104,Yezz,Andy 5.5M LTE VR
3105,Yezz,Monte Carlo 55 LTE VR
3106,Yezz,Monte Carlo 55 LTE
3107,Yezz,Classic C23A
3108,Yezz,Andy 4E3I
3109,Yezz,Andy 5E2I
3110,Yezz,Andy 4EI2
3111,Yezz,Andy 3.5EI2
3112,Yezz,Andy 6EL LTE
3113,Yezz,Andy 5E LTE
3114,Yezz,Andy C5E LTE
3115,Yezz,Andy 5EI3
3116,Yezz,Andy 4EL2 LTE
3117,Yezz,Classic Z51
3118,Yezz,Andy 5EL LTE
3119,Yezz,Andy 4.5EL LTE
3120,Yezz,Andy 3.5EI3
3121,Yezz,Classic C60
3122,Yezz,Andy 4E LTE
3123,Yezz,Andy 4E2I
3124,Yota,YotaPhone 3
3125,Yota,YotaPhone 2
3126,Yota,YotaPhone
3127,Yota,YotaPhone 2 review
3128,YU,Yureka 2
3129,YU,Yunique 2
3130,YU,Yureka Black
3131,YU,Yunique Plus
3132,YU,Yureka S
3133,YU,Yunicorn
3134,YU,Yureka Note
3135,YU,Yutopia
3136,YU,Yunique
3137,YU,Yureka Plus
3138,YU,Yuphoria
3139,YU,Yureka
3140,ZTE,nubia Red Magic 6 Pro
3141,ZTE,nubia Red Magic 6
3142,ZTE,Red Magic Watch
3143,ZTE,Blade X1 5G
3144,ZTE,Blade 20 Pro 5G
3145,ZTE,Blade V2020 5G
3146,ZTE,Watch Live
3147,ZTE,Blade 20 5G
3148,ZTE,Blade A7s 2020
3149,ZTE,Axon 20 5G Extreme
3150,ZTE,Axon 20 5G
3151,ZTE,Axon 20 4G
3152,ZTE,nubia Watch
3153,ZTE,nubia Red Magic 5S
3154,ZTE,nubia Red Magic 5G Lite
3155,ZTE,Axon 11 SE 5G
3156,ZTE,nubia Play
3157,ZTE,Axon 11 4G
3158,ZTE,Axon 11 5G
3159,ZTE,nubia Red Magic 5G
3160,ZTE,Axon 10s Pro 5G
3161,ZTE,Blade Max View
3162,ZTE,Blade A7 Prime
3163,ZTE,Blade 10 Prime
3164,ZTE,Blade 20
3165,ZTE,nubia Red Magic 3s
3166,ZTE,nubia X 5G
3167,ZTE,nubia Z20
3168,ZTE,Blade A5 (2019)
3169,ZTE,Blade A3 (2019)
3170,ZTE,Blade L8
3171,ZTE,nubia Red Magic 3
3172,ZTE,nubia Alpha
3173,ZTE,Axon 10 Pro 5G
3174,ZTE,Axon 10 Pro
3175,ZTE,Blade V10
3176,ZTE,Blade V10 Vita
3177,ZTE,nubia Red Magic Mars
3178,ZTE,nubia X
3179,ZTE,nubia Z18
3180,ZTE,ZTE Axon 20 5G review
3181,ZTE,nubia Red Magic 5S review
3182,ZTE,nubia Red Magic 5G review
3183,ZTE,nubia Red Magic 3s review
