,Tweet
0,"RT @TV9Bharatvarsh: рджреВрд░рд╕рдВрдЪрд╛рд░ рд▓рд╛рдЗрд╕реЗрдВрд╕ рдирд┐рдпрдореЛрдВ рдореЗрдВ рдмрджрд▓рд╛рд╡ рдХреЗ рдмрд╛рдж рднрд╛рд░рдд рд╕рд░рдХрд╛рд░ рдЗрд╕ рдмрдбрд╝реА рдЪреАрдиреА рдХрдВрдкрдиреА рдкрд░ рдкреНрд░рддрд┐рдмрдВрдз рд▓рдЧрд╛ рд╕рдХрддреА рд╣реИ
#TechNews | #TelecomNewsтАж"
1,"рджреВрд░рд╕рдВрдЪрд╛рд░ рд▓рд╛рдЗрд╕реЗрдВрд╕ рдирд┐рдпрдореЛрдВ рдореЗрдВ рдмрджрд▓рд╛рд╡ рдХреЗ рдмрд╛рдж рднрд╛рд░рдд рд╕рд░рдХрд╛рд░ рдЗрд╕ рдмрдбрд╝реА рдЪреАрдиреА рдХрдВрдкрдиреА рдкрд░ рдкреНрд░рддрд┐рдмрдВрдз рд▓рдЧрд╛ рд╕рдХрддреА рд╣реИ
#TechNews | #TelecomNews | #China | #Huawei
https://t.co/cwIWHPsrIS"
2,"рд╣реБрд╡рд╛рд╡реЗ рд▓рд╛рдпрд╛ рдзрд╛рдВрд╕реВ рд╕реНрдорд╛рд░реНрдЯрдлреЛрди, рдЬрд╛рдиреЗрдВ рдХреАрдордд рдФрд░ рдЦреВрдмрд┐рдпрд╛рдВ...

@Huawei
#huawei
#HuaweiMate40E

https://t.co/3PpUEJEX0W"
3,"@OnePlus_IN @Hasselblad Haha hahaha kya add tha
Samaj main hi nahi aaya mobile ka tha,  ya moon jaise light ka .
Has has ke pagal hogaya"
4,"RT @aajtak: рдирдП OnePlus рд╕реНрдорд╛рд░реНрдЯрдлреЛрди рд╕реЗ рдЖрдПрдВрдЧреА рдРрд╕реА рддрд╕реНрд╡реАрд░реЗрдВ, рджреЗрдЦреЗрдВ рд╕реИрдВрдкрд▓реНрд╕ 

https://t.co/Ly70k2QCUo"
5,"рдирдП OnePlus рд╕реНрдорд╛рд░реНрдЯрдлреЛрди рд╕реЗ рдЖрдПрдВрдЧреА рдРрд╕реА рддрд╕реНрд╡реАрд░реЗрдВ, рджреЗрдЦреЗрдВ рд╕реИрдВрдкрд▓реНрд╕ 

https://t.co/Ly70k2QCUo"
6,@OnePlus_IN @Hasselblad Nice Mobile Bhai
7,@GonFreecss99 @oneplus Nidhi ee mobile...!?
8,"рд╡рдирдкреНрд▓рд╕ рдХреЗ рдзрд╛рдВрд╕реВ рд╕реНрдорд╛рд░реНрдЯрдлреЛрди рдХреА рд▓реЙрдиреНрдЪ рдбреЗрдЯ рдЖрдИ рд╕рд╛рдордиреЗ, рдорд┐рд▓реЗрдЧрд╛ рдЬрдмрд░рджрд╕реНрдд рдХреИрдорд░рд╛ 

#OnePlus 
#oneplus9pro 
#Oneplus9Series 
@OnePlus_IN 

https://t.co/Zd2bcjFPO6"
9,"Friends рдХреНрдпрд╛ рдПрдХ oppo mobile phone рд▓реЗрдирд╛ рдЪрд╛рд╣рддреЗ рд╣реИрдВ рдФрд░ рдЖрдкрдХрд╛ рдмрдЬрдЯ рдорд╛рддреНрд░ тВ╣10000 рд╣реИ рдФрд░ рдЖрдк рдЪрд╛рд╣рддреЗ рд╣реИрдВ рдХрд┐ рдЖрдкрдХреЗ рдЗрд╕реА рдмрдЬрдЯ рдореЗрдВ рдЖрдкрдХреЗ рд▓рд┐рдП рдПрдХ рдмрд╣реБрдд рд╣реА best oppo mobile phone рдорд┐рд▓ рдЬрд╛рдП рдЬреЛ рдХрд┐ рдЖрдкрдХреА рд╕рд╛рд░реА рдЖрд╡рд╢реНрдпрдХрддрд╛ рдХреА рдкреВрд░реНрддрд┐ рдХрд░ рд╕рдХреЗ рддреЛ рдпрд╣ рдЖрд░реНрдЯрд┐рдХрд▓ рдЖрдЬ рдЖрдк рдЬрд░реВрд░ рдкрдврд╝ рд▓реЗ рдХреНрдпреЛрдВрдХрд┐ рдпрд╣рд╛рдВ рдкрд░

https://t.co/IL9moH0Yyd https://t.co/PYgHhBJZtd"
10,"RT @SodhaAdil: @AlenWuOPPO @oppomobileindia 
Aur sir oppo mein auto call recording ke quehashan ke hisab se mobile ka bhi preez drop bahotтАж"
11,"@AlenWuOPPO @oppomobileindia 
Aur sir oppo mein auto call recording ke quehashan ke hisab se mobile ka bhi preez drop bahot ho raah hai"
12,"Oppo Reno 5Pro 5G Mobile se gathiya Koi bhi mobile nahi hai Mene liya lekin pese barbad ho gya ,na front cemra achha hai na hi auto call recording,Sabse bura phone oppo Mobile company @oppomobileindia @oppo @OPPOCareIN @oppo"
13,@ManojSaru @oppomobileindia Oppo ke bare me to ham me pata nahi jab tum youtube me Bata te ho mobile ke bare me to ham he bhi lagta he mobile achha hoga
14,@LegiMian Oppo mobile use kar ke dekhenЁЯдн
15,@PritamYadav95 @oppo @oppomobileindia @OPPOCareIN @OPPOCareGlobal Bhai oppo ek faltu company he update ke mamle me jo bhi oppo ke mobile leta ho wo badh me pachta ta he me ek dukhan dhar hu or oppo ke mobile beichna bondh kardiya hob
16,"@amazonIN 
Mene Amazon se mobile lya he oppo A15s jo mobile chalu nahi ho raha he. Me customer care pe 01/03/21 ko comlent not karwa chuka hu muje bola gya ki ap ka mobile 4 din me replace ho jye ga.
But mera mobile abhi tak return nahi Hua he. Har bar coll karne par 4 din orbol https://t.co/d4tTfGkvsM"
17,@GyanTherapy Sir mujhe 35000 tak ka mobile lena hai. Oppo reno 5 pro lene ki soch raha hu par usme heating problem jyada hai kya ya phir koi dusra mobile le lu samajh nahi aa raha hai please sir suggest me a right phone. Mai normal user hu. Mai aapka har video dhekhta hu.
18,"@ashwani_mahajan рдЕрдЧрд░ рднрд╛рд░рддреАрдп рд╕рд╛рдорд╛рди рдХрд╛ рдЗрддрдирд╛ рд╣реА рдЬрд╝реЛрд░ рдЪрд▓рддрд╛ рддреЛ 
Oppo vivo Realme One+ Mi Redmi
Mobile ,Bluetooth ,TV 
E rickshaw ki battery рдФрд░ рд▓рдЧрднрдЧ рд╕рд╛рд░реЗ рд╕рд░реНрдХрд┐рдЯ рдореЗрдВ ренреж% рд╕реЗ рдЬреНрдпрд╛рджрд╛ рдорд╛рд▓ рдЪреАрди рд╕реЗ рдЖрддрд╛ рд╣реИ 
 
рдХрд┐рд╕реА рднреА рдХрдВрдкрдиреА рдХреЛ рдкрд╕реАрдирд╛ рддреЛ рдЫреЛрдбрд╝рд┐рдП рддрдирд╛рд╡ рдХреА рд╣рд╡рд╛ рднреА рдирд╣реАрдВ рд▓рдЧреА"
19,"RT @aajtak: рдореИрдХреНрд░реЛ рдирд╣реАрдВ, рдЕрдм рдорд╛рдЗрдХреНрд░реЛрд╕реНрдХреЛрдк рдХреИрдорд░рд╛ рд╡рд╛рд▓реЗ рдлреЛрди рдЖрдПрдВрдЧреЗ, рдлреЛрди рдХрд╛ рдбрд┐рдЬрд╛рдЗрди рднреА рдХрд╛рдлреА рдЕрд▓рдЧ рд╣реИ. рдкрдврд╝реЗрдВ рдЗрд╕рдХреЗ рдмрд╛рд░реЗ рдореЗрдВ... 

https://t.co/HPDy5kQJтАж"
20,"рдореИрдХреНрд░реЛ рдирд╣реАрдВ, рдЕрдм рдорд╛рдЗрдХреНрд░реЛрд╕реНрдХреЛрдк рдХреИрдорд░рд╛ рд╡рд╛рд▓реЗ рдлреЛрди рдЖрдПрдВрдЧреЗ, рдлреЛрди рдХрд╛ рдбрд┐рдЬрд╛рдЗрди рднреА рдХрд╛рдлреА рдЕрд▓рдЧ рд╣реИ. рдкрдврд╝реЗрдВ рдЗрд╕рдХреЗ рдмрд╛рд░реЗ рдореЗрдВ... 

https://t.co/HPDy5kQJsf"
21,@oppomobileindia kya aapko pata hai oppo mobile ki sabse badi problem kya hai? IC full short hona.  Main Mobile technician hu. Aur mere pass abtak ki sabse jyada dead mobile oppo ki hi aayi hai. Jo maine bahut koshish ke bad kuchh hi mobile on kar paya hu. Isliye main aapko..
22,"OPPO рдиреЗ рд▓реЙрдиреНрдЪ рдХрд┐рдпрд╛ рд▓рд╛рдЦ рд░реБрдкрдпреЗ рд╡рд╛рд▓рд╛ рд╕реНрдорд╛рд░реНрдЯрдлреЛрди, рдорд┐рд▓реЗрдВрдЧреЗ рдпреЗ рджрдорджрд╛рд░ рдлреАрдЪрд░реНрд╕ 

@oppo  #OPPOFindX3Pro 

https://t.co/rmXXfyhGIA"
23,Oppo Find X3 Pro launch today : рдЬрд╛рдирд┐рдП @oppomobileindia  рджреНрд╡рд╛рд░рд╛ рд▓рд╛рдВрдЪ рдХрд┐рдпреЗ рдЧрдпреЗ рдЗрд╕ рдирдпреЗ рд╕реНрдорд╛рд░реНрдЯрдлреЛрди рдХреЗ рдмрд╛рд░реЗрдВ рдореЗрдВ #mobile #mobilegames  https://t.co/TThLCaFx2EрдЬрд╛рдирд┐рдП-oppo-рджреНрд╡рд╛рд░рд╛-рд▓рд╛рдВрдЪ-рдХрд┐/
24,"OPPO F17 Pro@тВ╣21,490@EMI тВ╣1,012 рд╕реЗ рд╢реБрд░реБ ред рдиреЛ рдХреЙрд╕реНрдЯ EMI рдЙрдкрд▓рдмреНрдз. EMI рд╡рд┐рдХрд▓реНрдк
https://t.co/PfoQ3K8MBO : new launch mobile 2021 https://t.co/DRABPOaUlA via @amazon
48 MP + 8 MP + 2 MP + 2 MP рдХреНрд╡рд╛рдб рдХреИрдорд░рд╛ рдлреЛрдЯреЛ, рд╡реАрдбрд┐рдпреЛ, рдкреИрдиреЛрд░рдорд╛, рдкреЛрд░реНрдЯреНрд░реЗрдЯ, 16MP рдореБрдЦреНрдп + 2MP рдЧрд╣рд░рд╛рдИ рд╡рд╛рд▓рд╛ рдлреНрд░рдВрдЯ рдХреИрдорд░рд╛ https://t.co/974H98gSYs"
25,"Oppo A52 тВ╣14,999@ EMI тВ╣706 рд╕реЗ рд╢реБрд░реБ ред рдиреЛ рдХреЙрд╕реНрдЯ EMI рдЙрдкрд▓рдмреНрдз. EMI рд╡рд┐рдХрд▓реНрдк
https://t.co/PfoQ3K8MBO : new launch mobile 2021 https://t.co/zI7PuWxYcJ via @amazon
12MP+8MP+2MP+2MP AI рдХреНрд╡рд╛рдб рдкреАрдЫреЗ рдХрд╛ рдХреИрдорд░рд╛, 4K рд╡реАрдбрд┐рдпреЛ, AI рдмреНрдпреВрдЯреАрдлрд┐рдХреЗрд╢рди | 16MP рдЖрдЧреЗ рд╡рд╛рд▓рд╛ рдХреИрдорд░рд╛16.51 рд╕реЗрдВрдЯреАрдореАрдЯрд░ (6.5-рдЗрдВрдЪ) FHD+ рдкрдВрдЪ https://t.co/SqBas4e7Vu"
26,"рдЖрдЗрдпреЗ рдЬрд╛рдирддреЗ рд╣реИрдВ рдЖрдЦрд┐рд░ рдХреНрдпреВрдБ рд▓реЗрдЯреЗрд╕реНрдЯ Oppo F19 Pro+ 5G рдореЛрдмрд╛рдЗрд▓ рдлреЛрди F-Series рдореЗрдВ рд╕рдмрд╕реЗ рдмреЗрд╣рддрд░реАрди рд╕реНрдорд╛рд░реНрдЯрдлреЛрди https://t.co/JsHJ4pnZ2u
[рдмреНрд░рд╛рдВрдб рд╕реНрдЯреЛрд░реА @oppomobileindia] https://t.co/Mslw7INPc9"
27,"рд╕рд╕реНрддреЗ рдореЗрдВ рдЦрд░реАрджрдирд╛ рдЪрд╛рд╣рддреЗ рд╣реИрдВ 5G рд╕реНрдорд╛рд░реНрдЯрдлреЛрди, рдЗрд╕ рд▓рд┐рд╕реНрдЯ рдореЗрдВ рдорд┐рд▓реЗрдЧрд╛ рдмреЗрд╕реНрдЯ рдСрдкреНрд╢рди 

#5G 
@realmeIndia 
@oppomobileindia 
@motorolaindia 
@XiaomiIndia 

https://t.co/EU5lhqFYmM"
28,"@GODSTAR666 @GyanTherapy @TechnicalGuruji kyu samsung , vivo , oppo ka koi mobile nahi mila kyaЁЯШВЁЯШВЁЯдгЁЯдг aur yaha realme ki baat nahi ho rahi haiЁЯШЙЁЯШЙ"
29,@TrakinTech Kash Oppo F19pro+ give away mai main lucky hu to mujhe bhi bada mobile chalane ko mil jayegaЁЯдЧ
30,"48MP рдХреИрдорд░рд╛ рдФрд░ 8GB рд░реИрдо рдХреЗ рд╕рд╛рде рдЖрдпреЗ Oppo F19 Pro, F19 Pro+ рд╕реНрдорд╛рд░реНрдЯрдлреЛрдиреНрд╕, рдЬрд╛рдирд┐рдП рдХреАрдордд рдлреАрдЪрд░реНрд╕ рдФрд░ рд╕реЗрд▓ рдбреАрдЯреЗрд▓

@oppomobileindia 

https://t.co/L9b7eq5xl4"
31,https://t.co/jBkhC07ZGD #TrakinTech Bhai shahb mere ko Mobile bahut aacha laga please dila do please Bhai shahb dila do
32,"RT @NbtTech: 48MP рдХреНрд╡рд╛рдб рд░рд┐рдпрд░ рдХреИрдорд░рд╛ рдХреЗ рд╕рд╛рде Oppo F19 Pro+ рдФрд░ Oppo F19 Pro рднрд╛рд░рдд рдореЗрдВ рд▓реЙрдиреНрдЪ, рдЬрд╛рдиреЗрдВ рдХреАрдордд рд╡ рдЦреВрдмрд┐рдпрд╛рдВ
https://t.co/NFsZ2PRtW1 https:тАж"
33,"48MP рдХреНрд╡рд╛рдб рд░рд┐рдпрд░ рдХреИрдорд░рд╛ рдХреЗ рд╕рд╛рде Oppo F19 Pro+ рдФрд░ Oppo F19 Pro рднрд╛рд░рдд рдореЗрдВ рд▓реЙрдиреНрдЪ, рдЬрд╛рдиреЗрдВ рдХреАрдордд рд╡ рдЦреВрдмрд┐рдпрд╛рдВ
https://t.co/NFsZ2PRtW1 https://t.co/4ahkPQLTOT"
34,"рдУрдкреНрдкреЛ рд▓рд╛рдпрд╛ рджреЛ рдзрд╛рдВрд╕реВ рд╕реНрдорд╛рд░реНрдЯрдлреЛрди, рдЬрд╛рдиреЗрдВ рдЗрдирдХреА рдХреАрдордд рдФрд░ рдЦреВрдмрд┐рдпрд╛рдВ... 

@oppomobileindia
@oppo
#OPPOF19ProSeries
#FlauntYourNights

https://t.co/g2s9GRF9Yz"
35,"рдУрдкреНрдкреЛ рд▓рд╛ рд░рд╣рд╛ рджреЛ рдзрд╛рдВрд╕реВ рд╕реНрдорд╛рд░реНрдЯрдлреЛрди, рдЬрд╛рдиреЗрдВ рдЦрд╛рд╕ рдмрд╛рддреЗрдВ...

@oppomobileindia
@oppo
#OPPOF19ProSeries
#OppoF19Pro
#oppof19proplus 

https://t.co/hvPnLhDlMU"
36,"RT @sun_itsSD: @OPPO_Mobile_MP AnsЁЯСЙ Tera Dhyaan Kidhar Hai ""Varun Dhawan"" OPPO F19 Pro Series lekar Idhar Hai ЁЯШЙЁЯШН
#OPPOF19ProSeries #FlauntYтАж"
37,"RT @prasanttomar: рдФрд░ рди рд╣реА service center рджреНрд╡рд╛рд░рд╛ рдХреЛрдИ рд╕рдВрддреЛрд╖рдЬрдирдХ рдЬрд╡рд╛рдм рджрд┐рдпрд╛ рдЧрдпрд╛ рд╣реИ рдХрд┐ рдХрдм рддрдХ рдЙрд╕рдХреЗ mobile рдХреА screen replace рд╣реЛрдЧреА ред
рдореЗрд░рд╛ realme рд╕реЗтАж"
38,"рдФрд░ рди рд╣реА service center рджреНрд╡рд╛рд░рд╛ рдХреЛрдИ рд╕рдВрддреЛрд╖рдЬрдирдХ рдЬрд╡рд╛рдм рджрд┐рдпрд╛ рдЧрдпрд╛ рд╣реИ рдХрд┐ рдХрдм рддрдХ рдЙрд╕рдХреЗ mobile рдХреА screen replace рд╣реЛрдЧреА ред
рдореЗрд░рд╛ realme рд╕реЗ рдирд┐рд╡реЗрджрди рд╣реИ рдХрд┐ рдореЗрд░реЗ рджреЛрд╕реНрдд рдХреА рдЗрд╕  рд╕рдорд╕реНрдпрд╛ рдХреЛ рд╢реАрдШреНрд░ рд╣реА рд╕рдорд╛рдзрд╛рди рдХрд░рдиреЗ рдХрд╛ рдХрд╖реНрдЯ рдХрд░рдирд╛ ред (2/2)
#realme7pro"
39,"рд░рд┐рдпрд▓рдореА рджреЗ рд░рд╣рд╛ рдЬрдмрд░рджрд╕реНрдд рдСрдлрд░, рд╕рд┐рд░реНрдл 1080 рд░реБрдкрдпреЗ рдореЗрдВ рдкреНрд░реА-рдмреБрдХ рдХрд░ рд╕рдХрддреЗ рд╣реИрдВ рдлреЛрди 

@realmeIndia 
@Flipkart 
#realme8series 
#Realme8Pro 
#Realme8 

https://t.co/GU7aYsffo2"
40,"@SamsungIndia @sarahjanedias03 Fast charger рдирд╣реАрдВ рд╣реЛрдЧрд╛,  realme рдЬреИрд╕реЗ mobile 35 рдорд┐рдирдЯ рдореЗрдВ full charge рд╣реЛрддрд╛ рд╣реИред  samsung рдХреЗ рдХрд┐рд╕реА рднреА mobile рдореЗ Fast charging рдХреА рд╕реБрд╡рд┐рдзрд╛ рдирд╣реАрдВ рд╣реИред 3 рдШрдВрдЯреЗ рд▓рдЧрддреЗ рд╣реИрдВ рдлреБрд▓ рдЪрд╛рд░реНрдЬ рдХрд░рдиреЗ рдореЗрдВ ,рдФрд░ рдпреЗ рдмрд╣реБрдд рдмрд░реА рд╕рдорд╕реНрдпрд╛ рд╣реИ рдЗрд╕реЗ рдХрдВрдкрдиреА рдХреЛ рдЬрд▓реНрдж рджреВрд░ рдХрд░рдирд╛ рдЪрд╛рд╣рд┐рдПред"
41,"@MadhavSheth1 @realmeTechLife 

 mere pas ek Chinese realme x7 pro hai mere mobile me jio sim se data to on ho gaya but volte option nahi AA raha .
Settings me bhi volte option nahi hai *#4636*# code bhi nahi Kam kar raha hai .

Main Kya karu"
42,"@TheMrPhone mere pas ek Chinese realme x7 pro hai mere mobile me jio sim se data to on ho gaya but volte option nahi AA raha .
Settings me bhi volte option nahi hai *#4636*# code bhi nahi Kam kar raha hai .

Main Kya karu"
43,"Hello @stufflistings Bhai.

mere pas ek Chinese realme x7 pro hai mere mobile me jio sim se data to on ho gaya but volte option nahi AA raha .
Settings me bhi volte option nahi hai *#4636*# code bhi nahi Kam kar raha hai .

Main Kya karu"
44,"@91mobiles @91mobilesHi mere pas ek Chinese realme x7 pro hai mere mobile me jio sim se data to on ho gaya but volte option nahi AA raha .
Settings me bhi volte option nahi hai *#4636*# code bhi nahi Kam kar raha hai .

Main Kya karu"
45,"@ishanagarwal24 Hello Bhai 

mere pas ek Chinese realme x7 pro hai mere mobile me jio sim se data to on ho gaya but volte option nahi AA raha .
Settings me bhi volte option nahi hai *#4636*# code bhi nahi Kam kar raha hai .

Main Kya karu"
46,"RT @NbtTech: 6000 mAh рдмреИрдЯрд░реА рд╡рд╛рд▓реЗ Realme C15 рдкрд░ рдРрд╕реЗ рдкрд╛рдПрдВ 1000 рд░реБрдкрдпреЗ рдХреА рдЫреВрдЯ, рдЬрд╛рдиреЗрдВ рдкреВрд░рд╛ рдСрдлрд░
https://t.co/D4q2bsnnto https://t.co/L0IJLDNsGD"
47,"RT @NbtTech: 6000 mAh рдмреИрдЯрд░реА рд╡рд╛рд▓реЗ Realme C15 рдкрд░ рдРрд╕реЗ рдкрд╛рдПрдВ 1000 рд░реБрдкрдпреЗ рдХреА рдЫреВрдЯ, рдЬрд╛рдиреЗрдВ рдкреВрд░рд╛ рдСрдлрд░
https://t.co/TAupstWCgM https://t.co/cumuYRSG9e"
48,"6000 mAh рдмреИрдЯрд░реА рд╡рд╛рд▓реЗ Realme C15 рдкрд░ рдРрд╕реЗ рдкрд╛рдПрдВ 1000 рд░реБрдкрдпреЗ рдХреА рдЫреВрдЯ, рдЬрд╛рдиреЗрдВ рдкреВрд░рд╛ рдСрдлрд░
https://t.co/D4q2bsnnto https://t.co/L0IJLDNsGD"
49,@MadhavSheth1 Hi Madhav sir ap Pakistan ma kab new mobile launch Kare Ge under 30k ke ma mobile launch Kare de
50,"рдХрдо рдХреАрдордд рдореЗрдВ рджрдорджрд╛рд░ рдмреИрдЯрд░реА рд╡рд╛рд▓реЗ рд╕реНрдорд╛рд░реНрдЯрдлреЛрди рдЪрд╛рд╣рд┐рдП? рдЗрд╕ рд▓рд┐рд╕реНрдЯ рдореЗрдВ рдорд┐рд▓реЗрдЧрд╛ рдмреЗрд╕реНрдЯ рдСрдкреНрд╢рди 
@Flipkart  
#6000mAh
@realmIndia

https://t.co/y4OGK6zKKC"
51,"@Flipkart @flipkartsupport 
#рдмреЗрд╡рдХреВрдл_рдордд_рдмрдирд╛рдУ
рдореИрдиреЗ рдЕрдкрдирд╛ рдореЛрдмрд╛рдИрд▓ realme 2pro рдПрдХреНрд╕рдЪреЗрдВрдЬ рдХрд┐рдпрд╛ рдореЗрд░реЗ mobile рдХрд╛ E.Value 6750/-  рдерд╛ but exchange рдХреЗ рдЯрд╛рдЗрдо рдХреВрд░рд┐рдпрд░ рд╡рд╛рд▓рд╛ рдмреЛрд▓рд╛ рдЖрдкрдХрд╛ MOB ka body рдбреЗрдВрдЯ рд╣реИред But  MOB рдХрд╛ рдмреЙрдбреА рдереЛрдбрд╝рд╛ рд╕рд╛ рднреА рдбреЗрдВрдЯ рдирд╣реА рдерд╛ред рдлрд╛рд▓рддреВ рдореЗрдВ рдореБрдЭрд╕реЗ 1250/- рд▓рд┐рдП E.Value рдорд╛рддреНрд░ 5500/- рдорд┐рд▓рд╛ред"
52,"@Flipkart 
#рдмреЗрд╡рдХреВрдл_рдордд_рдмрдирд╛рдУ
рдореИрдиреЗ рдЕрдкрдирд╛ рдореЛрдмрд╛рдИрд▓ realme 2pro рдПрдХреНрд╕рдЪреЗрдВрдЬ рдХрд┐рдпрд╛ рдореЗрд░реЗ mobile рдХрд╛ E.Value 6750/-  рдерд╛ but exchange рдХреЗ рдЯрд╛рдЗрдо рдХреВрд░рд┐рдпрд░ рд╡рд╛рд▓рд╛ рдмреЛрд▓рд╛ рдЖрдкрдХрд╛ mobile ka body рдбреЗрдВрдЯ рд╣реИред But mere mobile рдХрд╛ рдмреЙрдбреА рдереЛрдбрд╝рд╛ рд╕рд╛ рднреА рдбреЗрдВрдЯ рдирд╣реА рдерд╛ред рдлрд╛рд▓рддреВ рдореЗрдВ рдореБрдЭрд╕реЗ 1250/- рд▓рд┐рдП E.Value рдорд╛рддреНрд░ 5500/- рдорд┐рд▓рд╛ред"
53,"@flipkartsupport
#рдмреЗрд╡рдХреВрдл_рдордд_рдмрдирд╛рдУ
рдореИрдиреЗ рдЕрдкрдирд╛ рдореЛрдмрд╛рдИрд▓ realme 2pro рдПрдХреНрд╕рдЪреЗрдВрдЬ рдХрд┐рдпрд╛ рдореЗрд░реЗ mobile рдХрд╛ E.Value 6750/-  рдерд╛ but exchange рдХреЗ рдЯрд╛рдЗрдо рдХреВрд░рд┐рдпрд░ рд╡рд╛рд▓рд╛ рдмреЛрд▓рд╛ рдЖрдкрдХрд╛ mobile ka body рдбреЗрдВрдЯ рд╣реИред But mere mobile рдХрд╛ рдмреЙрдбреА рдереЛрдбрд╝рд╛ рд╕рд╛ рднреА рдбреЗрдВрдЯ рдирд╣реА рдерд╛ред рдлрд╛рд▓рддреВ рдореЗрдВ рдореБрдЭрд╕реЗ 1250/- рд▓рд┐рдП E.Value рдорд╛рддреНрд░ 5500/- рдорд┐рд▓рд╛ред"
54,"рд▓реЙрдиреНрдЪ рд╕реЗ рдкрд╣рд▓реЗ Realme 8 рд╕реАрд░реАрдЬ рдХреА рдХреАрдордд рдЖрдИ рд╕рд╛рдордиреЗ, рдЬрд╛рдиреЗрдВ рдХрд┐рддрдиреЗ рдореЗрдВ рдЖрдПрдЧрд╛ 108MP рдХреИрдорд░реЗ рд╡рд╛рд▓рд╛ рд╕реНрдорд╛рд░реНрдЯрдлреЛрди

#realme8series @realmeIndia 

https://t.co/y5T6r19cR6"
55,"RT @NbtTech: рд▓реЙрдиреНрдЪ рд╕реЗ рдкрд╣рд▓реЗ Realme 8 Pro рдХреА рдХреАрдордд рдФрд░ рдЦреВрдмрд┐рдпрд╛рдВ рд╕рдореЗрдд рдкреВрд░реА рдЬрд╛рдирдХрд╛рд░реА рд▓реАрдХ, рджреЗрдЦреЗрдВ рдбреАрдЯреЗрд▓
https://t.co/VjN62ih8bS https://t.co/PsTh9OIXтАж"
56,"6000 рддрдХ 4рдЬреА рдореЛрдмрд╛рдЗрд▓ ?
Link:- https://t.co/Ao2CXRl8JQ

#ezeonsoft #mobile #apps #news #internt #4G #5G #blog #technews #рдореЛрджреА_рддреЛрдорд░_рд╢рд░реНрдо_рдХрд░реЛ #India_With_PM_Modi #SavitribaiPhule #NoSmokingDay #wednesdaythought #TirathSinghRawat #Ronaldo #Sadhguru #DhoniReturns #realme #RedmiNote10"
57,рд╕рд╕реНрддрд╛ рд╣реБрдЖ Realme рдХрд╛ 6000mAh рдмреИрдЯрд░реА рд╡рд╛рд▓рд╛ рдмрдЬрдЯ рд╕реНрдорд╛рд░реНрдЯрдлреЛрди C15  news in hindi https://t.co/OgacFwsSAi
58,@realmemobiles @Flipkart Bhai log agar realme ka phone buy krna hai to 12000 se zyada wala karna.10k se neeche wale mobile phone ke software update mein bahut zyada problem aati hain.mein 2 saal se yahi kuch jhell raha hoon.c3 ka na to ota update mila aur na koi manual link provide kiya gaya 6 din ho gye
59,"рд╡реАрд╡реЛ рдХрд╛ рджрдорджрд╛рд░ рд╕реНрдорд╛рд░реНрдЯрдлреЛрди рдЬрд▓реНрдж рд╣реЛрдЧрд╛ рд▓реЙрдиреНрдЪ, рдЬрд╛рдирд┐рдП рдХреНрдпрд╛ рд╣реЛ рд╕рдХрддреЗ рд╣реИрдВ рдлреАрдЪрд░ 

@Vivo_India 
#vivoX60 

https://t.co/9fvlx04ffO"
60,"10,000 рд░реБрдкрдпреЗ рд╕реЗ рдХрдо рдХреАрдордд рдореЗрдВ рдЖрддреЗ рд╣реИрдВ рд╡реАрд╡реЛ рдХреЗ рдпреЗ 4 рдореЛрдмрд╛рдЗрд▓ рдлреЛрди https://t.co/o6M089wskg"
61,RT @anshul87919100: Vivo mobile pahle coustomer ko problem dete hai phir solution ke naam par coustomer ko paresan karte hai Aur paise bhiтАж
62,@Sudaiskhan0 Tab chaiya chaiya wali mobile use karte the aur aaj dekh lo vivo relme haiЁЯШБЁЯШБ https://t.co/af3HMVMQQE
63,"Vivo рдЬрд▓реНрдж рд╣реА X60 рд╕реАрд░реАрдЬ рдХреЗ рдлреЛрди рд▓рд╛рдВрдЪ рдХрд░рдиреЗ рдЬрд╛ рд░рд╣рд╛ рд╣реИред рдЦрдмрд░реЛрдВ рдХреЗ рдореБрддрд╛рдмрд┐рдХ 25 рдорд╛рд░реНрдЪ рдХреЛ рдЗрди рд╕реАрд░реАрдЬ рдХреЗ рд╕реНрдорд╛рд░реНрдЯрдлреЛрди рд▓рд╛рдВрдЪ рд╣реЛ рд╕рдХрддреЗ рд╣реИрдВ #MobileNews #Vivox60 #VivoMobile 
https://t.co/O1SI0SLZ8j"
64,@KaroulSahil @Vivo_India @nipunmarya 30000 hai mere pass kaun sa mobile aaj ke latest technology ke sath best hai jo future ke anusar upadted rahega
65,"Vivo рдЕрдкрдиреЗ рдирдП рд╕реНрдорд╛рд░реНрдЯрдлреЛрдиреНрд╕ 25 рдорд╛рд░реНрдЪ рдХреЛ рд▓реЙрдиреНрдЪ рдХрд░рдиреЗ рд╡рд╛рд▓рд╛ рд╣реИ, рдЬрд╛рдиреЗрдВ рдбрд┐рдЯреЗрд▓ 
#technology
https://t.co/N9sLDfCPQu"
66,"рд╡реАрд╡реЛ рд▓реЗрдХрд░ рдЖ рд░рд╣рд╛ рджрдорджрд╛рд░ рдлреАрдЪрд░реНрд╕ рд╡рд╛рд▓рд╛ рд╕реНрдорд╛рд░реНрдЯрдлреЛрди, рдЬрд╛рдирд┐рдП рдХрдм рд╣реЛрдЧрд╛ рд▓реЙрдиреНрдЪ 

@Vivo_India 
#vivoX60Series 
#vivoX60 
#VivoX60ProPlus 

https://t.co/PKsGHm4zmu"
67,"Vivo V20 2021 рд╕реВрд░реНрдпрд╛рд╕реНрдд рдореЗрд▓реЛрдбреА, 8GB RAM, 128GB рд╕реНрдЯреЛрд░реЗрдЬ@тВ╣24,990.00 Fulfilled
EMI тВ╣1,176 рд╕реЗ рд╢реБрд░реБ ред рдиреЛ рдХреЙрд╕реНрдЯ EMI рдЙрдкрд▓рдмреНрдз. EMI рд╡рд┐рдХрд▓реНрдкрд╕рднреА рдЯреИрдХреНрд╕ рд╕рд╣рд┐рдд
https://t.co/PfoQ3K8MBO : new launch mobile 2021 https://t.co/Pe4zlOD1QJ via @amazon
64MP+8MP+2MP рдкреНрд░рд╛рдЗрдорд░реА рдХреИрдорд░рд╛ | 44MP рдЖрдЧреЗ рд╡рд╛рд▓рд╛ рдХреИрдорд░рд╛ https://t.co/KIvhCq6dJ2"
68,"Vivo X60 рд╕реАрд░реАрдЬ рдореЗрдВ рдорд┐рд▓реЗрдЧрд╛ рджрдорджрд╛рд░ рдХреИрдорд░рд╛ рдФрд░ рдлреАрдЪрд░, рдЬрд╛рдирд┐рдП рдХрдм рд╣реЛрдЧреА рд▓реЙрдиреНрдЪрд┐рдВрдЧ

#VivoX60ProPlus 
#vivox60pro 
#vivox60series 
@Vivo_India 

https://t.co/od2IoG7pon"
69,"RT @NbtTech: рд▓реЙрдиреНрдЪ рд╕реЗ рдкрд╣рд▓реЗ Mi 11 Lite 5G рдФрд░ Poco X3 Pro рдХреА рдкреНрд░рд╛рдЗрд╕ рд▓реАрдХ, рджреЗрдЦреЗрдВ рдХреАрдордд рдФрд░ рдЦрд╛рд╕рд┐рдпрдд
https://t.co/jY9jGrk4DS https://t.co/guCtQfJRaf"
70,"рд▓реЙрдиреНрдЪ рд╕реЗ рдкрд╣рд▓реЗ Mi 11 Lite 5G рдФрд░ Poco X3 Pro рдХреА рдкреНрд░рд╛рдЗрд╕ рд▓реАрдХ, рджреЗрдЦреЗрдВ рдХреАрдордд рдФрд░ рдЦрд╛рд╕рд┐рдпрдд
https://t.co/jY9jGrk4DS https://t.co/guCtQfJRaf"
71,"RT @aajtak: рдлрд┐рд▓рд╣рд╛рд▓ рдпреЗ рд╕рд╛рдл рдирд╣реАрдВ рд╣реИ рдХрд┐ Xiaomi рдХреЗ рдХрд┐рд╕ рдлреЛрди рдореЗрдВ рдпреЗ рдЯреЗрдХреНрдиреЛрд▓реЙрдЬреА рджреА рдЬрд╛рдПрдЧреА...

https://t.co/T95VFcKAtW"
72,"рдлрд┐рд▓рд╣рд╛рд▓ рдпреЗ рд╕рд╛рдл рдирд╣реАрдВ рд╣реИ рдХрд┐ Xiaomi рдХреЗ рдХрд┐рд╕ рдлреЛрди рдореЗрдВ рдпреЗ рдЯреЗрдХреНрдиреЛрд▓реЙрдЬреА рджреА рдЬрд╛рдПрдЧреА...

https://t.co/T95VFcKAtW"
73,"@tanwer_m @madeforbrettLEE Ab Amazon pe bhi mil Raha hai

https://t.co/aaIaIoKSZp"
74,"рдЬрд╛рдиреЗрдВ Xiaomi рдХреЗ рдЗрд╕ рдирдП рд╕реНрдорд╛рд░реНрдЯрдлреЛрди рдореЗрдВ рдФрд░ рдХреНрдпрд╛ рдХреБрдЫ рдЦрд╛рд╕ рд╣реИ
#technology 
https://t.co/wHfLVhHGWr"
75,"рджрдорджрд╛рд░ рдлреАрдЪрд░ рд╡рд╛рд▓рд╛ рдирдпрд╛ Xiaomi рд╕реНрдорд╛рд░реНрдЯрдлреЛрди рд╣реБрдЖ рд▓реЙрдиреНрдЪ, рдЬрд╛рдирд┐рдП рдХрд┐рддрдиреА рд╣реИ рдХреАрдордд 
#XiaomiMi10s
#Mi10s
@Xiaomi 

https://t.co/4yCVIxelh0"
76,"@GODSTAR666 @GyanTherapy @TechnicalGuruji samsung ke ghatiya phone ko bhi accha kahana
xiaomi ki kisi bhi mobile ko bekar kahna
sirf dabba kholna
ЁЯШПЁЯШПЁЯШПЁЯШПЁЯШП"
77,"108MP рдХреИрдорд░реЗ рд╡рд╛рд▓рд╛ рджрдорджрд╛рд░ рд╕реНрдорд╛рд░реНрдЯрдлреЛрди рд╣реЛрдЧрд╛ рдЬрд▓реНрдж рд▓реЙрдиреНрдЪ, рдЬрд╛рдирд┐рдП рдХреНрдпрд╛ рд╣реЛрдВрдЧреЗ рдлреАрдЪрд░реНрд╕ 

#108MP 
#XiaomiMi10S 
#Xiaomi 
@Xiaomi 

https://t.co/Dpkyx7dzeS"
78,@me_dishu 2004 me mobile phone liya tha nam to thik se yad nahi par us samay me smart ki sim liya tha 2500 so me jo aj bhi he jio par chal rahi he mobile Nokia ka tha koi 3230 nam tha model ka uske bad n91 liya tha mene n70 liya tha ЁЯЩПЁЯЩПЁЯСПЁЯЩПЁЯСПЁЯСП
79,"ЁЯдгЁЯдгЁЯдгЁЯдгЁЯдг

Santa ne Nokia ka sabse badi screen wala mobile le liya
.

.

.

Kyon??????
.

...
.

.

Kyonki Woh dekna chahta tha ki,

Phone switch ON karne per kaun se 2 log hath milate hai......"
80,@ohhfudge_ Ek Kam Karo Ye Mobile Bech Ke Nokia Ka Dibba Lo Aone aao SM Se Dur Ho Jayegi
81,"@LenovoMobileIN sir lenovo k8 plus mobile ki battery ki price Kya he? Mujhe Mera pH ka battery change karna he urgent, , city- rewari, Haryana"
82,"Lenovo рдЕрдкрдирд╛ рдирдпрд╛ рдФрд░ рдкрд╛рд╡рд░рдлреБрд▓ рд╕реНрдорд╛рд░реНрдЯрдлреЛрди рд▓реЙрдиреНрдЪ рдХрд░рдиреЗ рдЬрд╛ рд░рд╣реА рд╣реИред рдХрдВрдкрдиреА рдХрд╛ рдХрд╣рдирд╛ рд╣ рдХрд┐ рдпрд╣ рд╕реНрдорд╛рд░реНрдЯрдлреЛрди рдПрдХ рдЧреЗрдорд┐рдВрдЧ рдбрд┐рд╡рд╛рдЗрд╕ рд╣реЛрдЧрд╛ рдЬреЛ Legion Pro 2 рдпрд╛ Legion 2 Pro рдХреЗ рдирд╛рдо рд╕реЗ рдмрд╛рдЬрд╛рд░ рдореЗрдВ... #MobileNews #LenovoLegion2pro #Lenovo 
https://t.co/3jZFRgJCQs"
83,"6,000 рд░реБрдкрдпреЗ рд╕реЗ рдХрдо рдореЗрдВ рдкрд╛рдПрдВ рдпреЗ 4 рдореЛрдмрд╛рдЗрд▓ рдлреЛрди, рдЬрд╛рдиреЗрдВ рдХреАрдордд, рдлреАрдЪрд░реНрд╕ , рдХреИрдорд░рд╛ рдФрд░ рдмреИрдЯрд░реА рдХреЗ рдмрд╛рд░реЗ рдореЗрдВ https://t.co/4sGL46aS46"
84,"@kar_subrat @INCIndia Congress ke raj me apne ye bate kabhi kisi party ke virudh nahi tweet ki hongi.... Check your profile, aaj club open hai or school band kisko doshi manoge, mobile companies ke saare network khrab ho chuke hai sivay jio ke, kisko doshi manoge,"
85,@BJP4India @AmitShah Mobile network company deti na ki Modi. Woh alag baat hai ki Jio Modi ki ho company hai.
86,"рдореЛрдмрд╛рдЗрд▓ рдЗрдВрдЯрд░рдиреЗрдЯ рд╕реНрдкреАрдб рдореЗрдВ рдкрд╛рдХрд┐рд╕реНрддрд╛рди рд╕реЗ рдкрд┐рдЫрдбрд╝рд╛ рд╕реЗ рднреА рднрд╛рд░рдд, рд╢реНрд░реАрд▓рдВрдХрд╛ рдФрд░ рднреВрдЯрд╛рди рднреА рд╣рдорд╕реЗ рдЖрдЧреЗ..

@Speedtest 

https://t.co/alxr98kK36"
87,@Ashlyn_BTS Mobile data chutiya ha chalta hi nhi bas jio fiber ki wait kar rhi hu ЁЯШг
88,"@Jaspree76736005 @kanishk_kanungo @ANI Bhai tu mobile tower Jio ya Airtel ka na use kar , paise kharch ke apna hi laga le."
89,@MonikaSingh__ @anjali620484 Mobile main jio sim lgi hui China ka mobile hath main hai
90,"@JioCare рдХреНрдпрд╛ рджреБрдмрд╛рд░рд╛ рд╕реЗ рдпрд╣реА рдЬрд╡рд╛рдм рдорд┐рд▓рдиреЗ рд╡рд╛рд▓рд╛ рд╣реИ?ЁЯШВ
рдЖрдк рд▓реЛрдЧ рдЕрдкрдирд╛ Mobile network рдХреЛ рд╕реБрдзрд░реЗ рдирд╛ рдХрд┐ рдЕрдкрдиреА рдХрдорд┐рдпреЛрдВ рдХреЛ рдЫреБрдкрд╛рдПрдВрдкрд┐рдЫрд▓реЗ 1 рд╕рд╛рд▓ рдкрд╣рд▓реЗ рддрдХ #Jio рдЖрдкрдХрд╛ рдореЛрдмрд╛рдИрд▓ Network рдмрд╣реБрдд рдЕрдЪреНрдЫрд╛ рдерд╛редрд▓реЗрдХрд┐рди рдЕрдм рдмрдд-рд╕реЗ рднреА-рдмрддреНрддрд░ рд╣реЛ рдЧрдпрд╛ рд╣реИред рдЦрд╛рд╕ рдХрд░ 816101 рдкрд░ред @theworldguru786 @gokulbhagat @JaidevS57396897 @Maheshk57597097 https://t.co/irLMSWs5an"
91,"рдмреНрд░реЙрдбрдмреИрдВрдб рд╕реНрдкреАрдб рдореЗрдВ рдЬрд┐рдпреЛ рдФрд░ рдореЛрдмрд╛рдЗрд▓ рд╕реНрдкреАрдб рдореЗрдВ рд╡реЛрдбрд╛рдлреЛрди-рдЖрдЗрдбрд┐рдпрд╛ рд╕рдмрд╕реЗ рдЖрдЧреЗ- рд░рд┐рдкреЛрд░реНрдЯ #internet 
https://t.co/tvCBAWjaWQ"
92,"@Airtel_Presence 
Jio mobile number Airtel рдореИрдВ port рдХрд░рд╡рд╛рдпрд╛ рдерд╛ рд▓реЗрдХрд┐рди 3 рдШрдВрдЯреЗ рд╕реЗ рдиреЗрдЯрд╡рд░реНрдХ рдмрд┐рд▓реНрдХреБрд▓ рдЧрд╛рдпрдм рд╣реИ network рдХрд╛ рджреВрд░-рджреВрд░ рддрдХ рдирд╛рдореЛрдирд┐рд╢рд╛рди рдирд╣реАрдВ рд╣реИ 2G рднреА рдирд╣реАрдВ рд╣реИред DM рдкрд░ рднреА рдореИрд╕реЗрдЬ рдХрд░рдХреЗ рдбрд┐рдЯреЗрд▓ рдЖрдкрдХреЛ рднреЗрдЬ рджреА рд╣реИред
рдХрд┐рд╕рдиреЗ рд╢рд╛рдирджрд╛рд░ рдиреЗрдЯрд╡рд░реНрдХ рдХреЗ рд▓рд┐рдП рдПрдпрд░рдЯреЗрд▓ рдХреЛ рдмрдзрд╛рдИ"
93,рдЕрдм рддреЛ рдмрд╕ jio рдбрд╛рдЯрд╛ рдХреЗ рдирд╛рдо рдкрд░ рд╕рд┐рд░реНрдл рдФрд░ рд╕рд┐рд░реНрдл рд▓реЛрдЧреЛрдВ рдХреЛ рд▓реВрдЯ рд░рд╣рд╛ рд╣реИ Network 4G speed 2G рдФрд░ call to рдШрдВрдЯреЛрдВ рдирд╣реАрдВ рд▓рдЧрддрд╛ред рдШрд░ рдХреЗ рдЕрдВрджрд░ рддреЛ jio Network mobile рдПрдХ рдбрд┐рдмреНрдмреЗ рдХреЗ рд╕рдорд╛рди рд╣реИ @JioCare
94,"@JioCare @reliancejio @DoT_India рд╣рдордиреЗ рдЕрдкрдиреЗ рдкреВрд░реЗ рдкрд░рд┐рд╡рд╛рд░ рдХрд╛ mobile SIM рдПрдХ-рдПрдХ рдХрд░рдХреЗ @reliancejio рдореЗрдВ PORT рдХрд░рд╡рд╛ рд▓рд┐рдпрд╛ рдерд╛ред

рдЕрдм рд╣рдо рдПрдХ-рдПрдХ рдХрд░рдХреЗ рд╕рднреА mobile SIM @reliancejio рд╕реЗ PORT OUT рдХрд░рд╡рд╛рдиреЗ рд▓рдЧреЗ рд╣реИрдВ рддреБрдореНрд╣рд╛рд░рд╛ Voice Call рднреА jio to jio network рдкрд░ рднреА рдЬреНрдпрд╛рджрд╛ рддрд░ рд╕рдордп рдареАрдХ рд╕реЗ рд╕реБрдирд╛рдИ рдирд╣реАрдВ рджреЗрддрд╛ рд╣реИрдВ рд╕реБрдзрд░ рдЬрд╛ рдирд╣реАрдВ рддреЛ Rcom рдЬреИрд╕рд╛ рд╣реЛ рдЬрд╛рдпреЗрдЧрд╛"
95,@JioCare @reliancejio @jiostudios @JioSaavn @JioCinema PRM id Of jio pos plus 0660682102 mobile no 7903909049 itna bad support kyon hai? Koi Support nahi hai ? Please kuchh kijiye sir ЁЯЩП ek mobile number update ke liye 100+ days se pareshan kiya ja raha hai ЁЯЩП urgent ЁЯЩП
96,"Jio рдХреА рдмреНрд░реЙрдбрдмреИрдВрдб рдЗрдВрдЯрд░рдиреЗрдЯ рд╕реНрдкреАрдб рдореЗрдВ рдЯреЙрдк рдкрд░ рдордЧрд░ рдореЛрдмрд╛рдЗрд▓ рдЗрдВрдЯрд░рдиреЗрдЯ рд╕реНрдкреАрдб рдореЗрдВ рдкреАрдЫреЗ.. 

@reliancejio 

https://t.co/j2ivX849XC"
97,"RT @GadgetsHindi: Jio рдбрд╛рдЙрдирд▓реЛрдб рд╕реНрдкреАрдб рдореЗрдВ рд╕рдмрд╕реЗ рдлрд╛рд╕реНрдЯ рдФрд░ BSNL рд╕рдмрд╕реЗ рд╕реНрд▓реЛ, рдЬрд╛рдиреЗрдВ Airtel рдФрд░ Vi рдХрд╛ рд╣рд╛рд▓
https://t.co/pQKJr2lZ2p"
98,"RT @ndtvindia: Jio рдбрд╛рдЙрдирд▓реЛрдб рд╕реНрдкреАрдб рдореЗрдВ рд╕рдмрд╕реЗ рдлрд╛рд╕реНрдЯ рдФрд░ BSNL рд╕рдмрд╕реЗ рд╕реНрд▓реЛ, рдЬрд╛рдиреЗрдВ Airtel рдФрд░ Vi рдХрд╛ рд╣рд╛рд▓
https://t.co/J2F4VmnVie"
99,"Jio рдФрд░ Airtel рдХреА рдмрд╛рджрд╢рд╛рд╣рдд рдХреЛ рдЭрдЯрдХрд╛, рдпреЗ рдмрдиреАрдВ рд╕рдмрд╕реЗ рддреЗрдЬ рдореЛрдмрд╛рдЗрд▓ рдЗрдВрдЯрд░рдиреЗрдЯ рд╕реНрдкреАрдб рджреЗрдиреЗ рд╡рд╛рд▓реА рдХрдВрдкрдиреА, рджреЗрдЦреЗрдВ рдкреВрд░реА рд▓рд┐рд╕реНрдЯhttps://t.co/6k2zsXY28T"
100,"Jio рдбрд╛рдЙрдирд▓реЛрдб рд╕реНрдкреАрдб рдореЗрдВ рд╕рдмрд╕реЗ рдлрд╛рд╕реНрдЯ рдФрд░ BSNL рд╕рдмрд╕реЗ рд╕реНрд▓реЛ, рдЬрд╛рдиреЗрдВ Airtel рдФрд░ Vi рдХрд╛ рд╣рд╛рд▓
https://t.co/J2F4VmnVie"
101,"Jio рдбрд╛рдЙрдирд▓реЛрдб рд╕реНрдкреАрдб рдореЗрдВ рд╕рдмрд╕реЗ рдлрд╛рд╕реНрдЯ рдФрд░ BSNL рд╕рдмрд╕реЗ рд╕реНрд▓реЛ, рдЬрд╛рдиреЗрдВ Airtel рдФрд░ Vi рдХрд╛ рд╣рд╛рд▓
https://t.co/pQKJr2lZ2p"
102,@ansHarshi @BK_Bhartiy @3cdbd29c52d94d5 @abbas_nighat Aapne kabhi mobile bills k bare me charcha nahi ki behan ji.. Kuch saal pehle jab aapka bill mahine ka 5000 aata tha..but JIO ne muft me baant diya internet aur calling..ЁЯШЙ
103,"RT @KesariPunjab: рдкрдВрдЬрд╛рдм рдореЗрдВ рдмрд┐рдЬрд▓реА рдмреЛрд░реНрдб рдХреЗ рдЕрдлрд╕рд░реЛрдВ рдХреЗ рдореЛрдмрд╛рдЗрд▓ рд╕рд┐рдо рд╣реЛрдВрдЧреЗ Port, рд╕рд░рдХрд╛рд░ рдиреЗ рдЗрд╕ Company рдХреЛ рджрд┐рдпрд╛ рдареЗрдХрд╛
https://t.co/cSKbM3l2yC
#punjaтАж"
104,"рдкрдВрдЬрд╛рдм рдореЗрдВ рдмрд┐рдЬрд▓реА рдмреЛрд░реНрдб рдХреЗ рдЕрдлрд╕рд░реЛрдВ рдХреЗ рдореЛрдмрд╛рдЗрд▓ рд╕рд┐рдо рд╣реЛрдВрдЧреЗ Port, рд╕рд░рдХрд╛рд░ рдиреЗ рдЗрд╕ Company рдХреЛ рджрд┐рдпрд╛ рдареЗрдХрд╛
https://t.co/cSKbM3l2yC
#punjab #jalandhar #Jio #KisanAndolan #officers #FarmersProtest #PSPCL #HindiNews #BREAKING https://t.co/FLdmpPGqZf"
105,"@JioCare @reliancejio @reliancegroup @airtelindia @VodafoneIN @VodaIdea_NEWS 

ye hai new jio mobile jo ki open hi nhi ho rha kal se 
iske aage hi nhi jaa rha 
Dear ambani ji kam se kam paise jyada le lo magar mobile to accha do 
jio care per Services ke liye bhi ghumate hai https://t.co/DCNVA7MTY6"
106,@stup123 @Sai50111 Jio oka choice anta ala ruddhesaru jio valana neeku amiti prayojanam. Jio anedhi oka corporate plan okappudu manam mobile lo net konchem use chesevallam manaku free ani cheppi internet ki banisalanu chesi ippudu month ki 250 rupees recharge chesukonela chesaru..
107,jio mobile koi mat lena bahut hi kharab hai paisa vest jayega https://t.co/3KO1GpagHj
108,@reliancejio  jio mobile no 1 ghatiya hai
109,@reliancejio @JioCare @MamataOfficial jio company sab Ko banati hai India1nhi company like Nahin hai India ke logon ko Mukesh ambani ko sharm aana chahie logon ke sang short karne ke liye main dikhta hun Kaise prapt karti hai mera mobile Nahin chal raha hai net Mera hote hue bhi https://t.co/0rAtJHb5S9
110,@RahulGandhi sir mere village me mobile tower lag raha hai wa bhi bina permission ke mere objection ke bad bhi waha ka prsasan koi karwa hi nahi kar raha hai or jio ka tower lga rahe hai kya Congress ki government aane se rajsthan me kanun vayavastha itni kamjor ho gahi hai
111,@Shweta15108211 Muje mobile aur jio ke data me ishq sasta padta hai
112,@DmpaliPali sir mere ghar ke pass objections hone or bigar pramission ke Jio mobile tower lga rahe hai vo bhi dada giri se or grampanchayat koi karvahi nahi kar rahi hai sab mili Bhagat hai villege residents area ke bhich me laga rahe hai bina pramission dhani 306116balipali
113,"@maryada_maurya Desh virodhiyon ki pehchan sasti ho gai, vipacchiyon ki aukat sasti ho gai.ЁЯШВЁЯШВЁЯШЖЁЯдгЁЯдг Baiot hai itna. Baki 2016 me jio aane ke baad mobile data sasta hai to tu or tere jaise log aise vaise kaam kar ke or jaise taise phone chala ke time pass kar hi lenge."
114,"Paytm рдиреЗ рджрд┐рдпрд╛ рдЕрдкрдиреЗ рдпреВрдЬрд░реНрд╕ рдХреЛ рдмрдбрд╝рд╛ рддреЛрд╣рдлрд╛, рдореЛрдмрд╛рдЗрд▓ рд░рд┐рдЪрд╛рд░реНрдЬ рдФрд░ рдмрд┐рд▓ рдкреЗрдореЗрдВрдЯ рдкрд░ рдорд┐рд▓реЗрдЧрд╛ 1 рд╣рдЬрд╛рд░ рд░реБрдкрдпреЗ рддрдХ рдХрд╛ рдХреИрд╢рдмреИрдХ
.
https://t.co/eNShK1QLn8
.
#Paytm #Paytmnewsforusers #Paytmspecialoffer #cashbackoffer #mobilerecharge #billpayments #OfferfornewPaytmcustomers #jio #Vi #Airtel #BSNL #MTNL"
115,"RT @Jay02_yo: Chicha ko Jio ka mobile tower bachane to hua nahi aur ipl ka match host karna hai, ambani se problem hai but Mumbai indian kiтАж"
116,"Chicha ko Jio ka mobile tower bachane to hua nahi aur ipl ka match host karna hai, ambani se problem hai but Mumbai indian ki match host karke Paisa jarurar kamana hai par ,heypocricy ki bhi seema hoti hai ЁЯдзЁЯдзЁЯШВЁЯШВ https://t.co/2EYHBzPAGA"
117,"Jab se jio waale apne fiber net ke liye ghar ghar ja rahe hain..

Tab se saare mobile data network sahi se kaam kyun nahi kar rahe  ?

Sochne waali baat hai.."
118,@Pradeepku @ParvinderRao3 @ShriRamTeerth @Micromax__India Areh bhai ek photo sirf readmi ka hai... Ar ye mobile aaj he tode kharid ke photo click kiya gya h.ЁЯдж
119,"рдХреНрдпрд╛ рдорд╛рдЗрдХреНрд░реЛрдореИрдХреНрд╕ рд▓рд╛ рд░рд╣реА рдПрдХ рдФрд░ рдХрд┐рдлрд╛рдпрддреА рд╕реНрдорд╛рд░реНрдЯрдлреЛрди? рд▓реЙрдиреНрдЪрд┐рдВрдЧ рд╕реЗ рдкрд╣рд▓реЗ рд▓реАрдХ рд╣реБрдП рдлреАрдЪрд░реНрд╕

@Micromax__India 
#MicromaxIsBack 
#MicromaxIN1 

https://t.co/lZBstrFVxC"
120,@Micromax__India Bohot bhafiya bas apna lakshay itna rakhna ki en dhoort chinese mobile company ko dhul chata dena.Jai Bharat Varsh.
121,"RT @aajtak: 19 рдорд╛рд░реНрдЪ рдХреЛ рд▓реЙрдиреНрдЪ рд╣реЛрдЧрд╛ рднрд╛рд░рддреАрдп рдХрдВрдкрдиреА Micromax рдХрд╛ рдирдпрд╛ рд╕реНрдорд╛рд░реНрдЯрдлреЛрди, рдЬрд╛рдиреЗрдВ рдХреНрдпрд╛ рдХреБрдЫ рд╣реЛ рд╕рдХрддрд╛ рд╣реИ рдЦрд╛рд╕  

https://t.co/aRYrviL5tY"
122,"19 рдорд╛рд░реНрдЪ рдХреЛ рд▓реЙрдиреНрдЪ рд╣реЛрдЧрд╛ рднрд╛рд░рддреАрдп рдХрдВрдкрдиреА Micromax рдХрд╛ рдирдпрд╛ рд╕реНрдорд╛рд░реНрдЯрдлреЛрди, рдЬрд╛рдиреЗрдВ рдХреНрдпрд╛ рдХреБрдЫ рд╣реЛ рд╕рдХрддрд╛ рд╣реИ рдЦрд╛рд╕  

https://t.co/aRYrviL5tY"
123,"@Micromax__India maiy IN 1b model 2/32 wala Mobile flipkart se liya may Zomato me delivery ka kam karta hu
Jab mai Zomato ke app se map pe jane ki koshish karta hu to this fecharce not available dikhata hai esase mujhe bahut 
Dikkat aa raha hai https://t.co/jeC7N0fBmA"
124,"RT @chlo_thk_hai: Mainy b socha tha so jata hn
Ab mobile uthany sony ni ho tha:)"
125,"Mainy b socha tha so jata hn
Ab mobile uthany sony ni ho tha:) https://t.co/tTLRZxvnqs"
126,"Mujhe jldi sony ki adat thi, phr Meri life main mobile aa gya ab mjhy koi adat e ni rhiЁЯШВ"
127,"RT @NbtTech: рдЧреБрдб рдиреНрдпреВрдЬ! рд▓реЙрдиреНрдЪ рд╣реЛрдВрдЧреЗ Sony Xperia рд╕реАрд░реАрдЬ рдХреЗ 4 рдлреЛрди, Xperia Ace 2 рдореЗрдВ рд╕реНрдиреИрдкрдбреНрд░реИрдЧрди 690 рдкреНрд░реЛрд╕реЗрд╕рд░
https://t.co/BoyvpBfk6X https://tтАж"
128,"рдЧреБрдб рдиреНрдпреВрдЬ! рд▓реЙрдиреНрдЪ рд╣реЛрдВрдЧреЗ Sony Xperia рд╕реАрд░реАрдЬ рдХреЗ 4 рдлреЛрди, Xperia Ace 2 рдореЗрдВ рд╕реНрдиреИрдкрдбреНрд░реИрдЧрди 690 рдкреНрд░реЛрд╕реЗрд╕рд░
https://t.co/BoyvpBfk6X https://t.co/FbULh2WdCT"
129,"RT @NbtTech: рд╕рд╕реНрддрд╛ рд╣реЛ рдЧрдпрд╛ Samsung Galaxy M01 Core рдмрдЬрдЯ рдлреЛрди, 5 рд╣рдЬрд╛рд░ рд╕реЗ рдХрдо рдХреАрдордд рдореЗрдВ рдЙрдкрд▓рдмреНрдз
https://t.co/Qmqve9L1fz https://t.co/HjxnoblSUq"
130,"рд╕рд╕реНрддрд╛ рд╣реЛ рдЧрдпрд╛ Samsung Galaxy M01 Core рдмрдЬрдЯ рдлреЛрди, 5 рд╣рдЬрд╛рд░ рд╕реЗ рдХрдо рдХреАрдордд рдореЗрдВ рдЙрдкрд▓рдмреНрдз
https://t.co/Qmqve9L1fz https://t.co/HjxnoblSUq"
131,@ManojSaru @oppomobileindia Sir Mujhe mobile ki bahot jryurt hai mere pas samsung j2 ka tin sal purana phone hai
132,рд╕реИрдорд╕рдВрдЧ рдореЛрдмрд╛рдЗрд▓ рдЗрддрдирд╛ рдШрдЯрд┐рдпрд╛ рд╣реЛ рдЧрдпрд╛ рд╣реИрдВ рдХрд┐ рдмрд╕ рдкрдмреНрд▓рд┐рдХ рдЪреБрддрд┐рдпрд╛ рдмрди рд░рд╣реА рд╣реИрдВ рд╡рд╛рд░рдВрдЯреА рдХреЗ рдирд╛рдо рдкрд░ рдмрд╕ рдмреЗрд╡рдХреВрдл рдмрдирд╛рдпрд╛ рдЬрд╛ рд░рд╣рд╛ рд╣реИрдВ ред рдкреНрд▓реАрдЬ рдЗрд╕рдХрд╛ рдмрд╛рдпрдХреЙрдЯ рдХрд░реЗрдВ ред samsung mobile
133,"Samsung рдХрд╛ Galaxy M42 рд╕реНрдорд╛рд░реНрдЯрдлреЛрди рд▓реЙрдиреНрдЪ рд╣реЛрдиреЗ рд╡рд╛рд▓рд╛ рд╣реИред рд╣рд╛рд▓рд╛рдВрдХрд┐ рдЕрднреА рдХрдВрдкрдиреА рдиреЗ рдЗрд╕рдХреА рддрд╛рд░реАрдЦ рдирд╣реАрдВ рдмрддрд╛рдИ #HindiNews #MobileNews #SamsungMobile #SamsungGalaxyM425GSmartphone
https://t.co/P9VXmWiY24"
134,"рдЬрд╛рдиреЗрдВ рдХрдм рд╣реЛрдЧреА 6000mAh рдмреИрдЯрд░реА, 90Hz рдбрд┐рд╕реНрдкреНрд▓реЗ рдФрд░ 48MP рдХреИрдорд░рд╛ рд╡рд╛рд▓реЗ рд╕реИрдорд╕рдВрдЧ рдХреЗ рдЗрд╕ рдирдП рдлреЛрди рдХреА рд╕реЗрд▓
#Samsung #SamsungGalaxyM12 
https://t.co/ywbdkgx0Yg"
135,@ManojSaru @SamsungIndia Monaj bhai I think camera is the best because Samsung mobile hang toh karta he lakin  camera bad nahi ho sakta .
136,"@SamsungIndia Samsung рдХрдореНрдкрдиреА рдХрд╛ Mobile рдлреЛрди рдХрд╛ рджрд╛рдо рдХреНрдпреЛрдВ рдЬреНрдпрд╛рджрд╛ рд╣реЛрддрд╛ рд╣реИ?рдХрдо рдХреАрдЬрд┐рдП рдиредрджреБрд╕рд░реА рдХрдореНрдкрдиреА рдХрд╛ рджреЗрдЦрд┐рдП рди,рджрд╢ рд╣рдЬрд╛рд░ рд░реБрдкрдпреЗ рдХрд┐рддрдиреЗ Facility рд╡рд╛рд▓рд╛ рдЖрддрд╛ рд╣реИред 4GB,64Rom,48 mp cemera,fingerprint рдХреЗ ред рдореИрдВ рднреА рдПрдХ Samsung   user рд╣реВрдБред"
137,"RT @algo_121: @malaradnik Dil se to pooch lete.
Mauko kahan dhoonde re bande.....

https://t.co/MM08R9sZ8R"
138,@ManojSaru vo thik hai magar mobile mera samsung kab milega
139,@Imsurbhis @angrythepla @Nishant0781 @PainKillerParth @_Jiyaaa7 @indianyuvak1 @Pavan_07goyal @Atul__kesar Samsung ka mobile haiЁЯШЕЁЯШ│
140,@ManojSaru @SamsungIndia Ye offline ke liye bohot aacha mobile he samsung ki taruf se or Manoj Saru bhi ham logo ke liye giveaway late rehete he iske liye aap ka dil se Thank you or technology ke bare me bhi ham sab ko update rakhte he Thank you
141,"@SamsungIndia @SamsungMobile 

рдХреГрдкрдпрд╛ рдореБрдЭреЗ рдЗрд╕ рдмрд╛рдд рдХреА рдЬрд╛рдирдХрд╛рд░реА рджреАрдЬрд┐рдП рдХреА рдореИрдВ Samsung site рд╕реЗ рдПрдХ mobile purchase рдХрд░рдирд╛ рдЪрд╛рд╣ рд░рд╣рд╛ рд╣реВрдБ рдФрд░ рдЕрдкрдирд╛ рдкреБрд░рд╛рдирд╛ device exchange рднреА рдХрд░рдирд╛ рдЪрд╛рд╣ рд░рд╣рд╛ рд╣реВрдБ рддреЛ рдХреНрдпрд╛ рд╡рд╣ рдЖрдк рд╣рд░ condition рдореЗрдВ рдЧреНрд░рд╣рдг рдХрд░реЗрдВрдЧреЗ??"
142,@Mango_Man_ Koi Samsung ka de rahey hain mobile mujhe...?
143,6000mAh рдХреА рдмреИрдЯрд░реА рдХреЗ рд╕рд╛рде рд╕реИрдорд╕рдВрдЧ рдиреЗ рд▓реЙрдиреНрдЪ рдХрд┐рдпрд╛ рдЧреИрд▓реЗрдХреНрд╕реА рдПрдо12  news in hindi https://t.co/ctHDbzvDj4
144,"рд╕реИрдорд╕рдВрдЧ рдиреЗ рдмрдврд╝рд╛ рджреА рдЗрд╕ рд╕рд╕реНрддреЗ рдлреЛрди рдХреА рдХреАрдордд, рдЬрд╛рдирд┐рдП рдХрд┐рддрдирд╛ рд╣реБрдЖ рдкреНрд░рд╛рдЗрд╕ 

@SamsungMobile 
@SamsungIndia 
#SamsungGalaxyM02

https://t.co/0wBbInPgnr"
145,"Samsung рдиреЗ рднрд╛рд░рдд рдореЗрдВ 6000mAh рдмреИрдЯрд░реА рд╡рд╛рд▓рд╛ рдирдпрд╛ рд╕реНрдорд╛рд░реНрдЯрдлреЛрди Samsung Galaxy M12 рд▓реЙрдиреНрдЪ рдХрд░ рджрд┐рдпрд╛ #MobileNews #SamsungGalaxyM12
https://t.co/0k1mgdmYP7"
146,"RT @aajtak: рд╕реИрдорд╕рдВрдЧ рдХреЗ рдЗрд╕ рдирдП рдлреЛрди рдХреЛ рдЧреНрд░рд╛рд╣рдХ рд╢реБрд░реВ рдореЗрдВ 9,999 рд░реБрдкрдпреЗ рдореЗрдВ рдЦрд░реАрдж рдкрд╛рдПрдВрдЧреЗ 

#Technology

https://t.co/fH8MbjCRUL"
147,"рд╕реИрдорд╕рдВрдЧ рдХреЗ рдЗрд╕ рдирдП рдлреЛрди рдХреЛ рдЧреНрд░рд╛рд╣рдХ рд╢реБрд░реВ рдореЗрдВ 9,999 рд░реБрдкрдпреЗ рдореЗрдВ рдЦрд░реАрдж рдкрд╛рдПрдВрдЧреЗ 

#Technology

https://t.co/fH8MbjCRUL"
148,"Samsung hai to Bharosa hai
Ye mobile sab wade poore karega
#SamsungGalaxyM12    https://t.co/HOkX4LeMng"
149,"Samsung Meri pasandida company hai aur iska new mobile mujhe bahut pasand aaya hai
#SamsungGalaxyM12    https://t.co/9LWGLiWxKn"
150,"RT @Dolly_ishra: Wow yaar samsung ke Mobile hote hi acche hai aur ab mein ye 
#SamsungGalaxyM12 zaroor lungi"
151,"Wow yaar samsung ke Mobile hote hi acche hai aur ab mein ye 
#SamsungGalaxyM12 zaroor lungi"
152,"RT @mataonline: Samsung Galaxy M12 рднрд╛рд░рддрд╛рдд рд▓рд╛рдБрдЪ, 6000mAh рд╕рд╣ рд╣реЗ рдЬрдмрд░рджрд╕реНрдд рдлреАрдЪрд░реНрд╕, рдлреЛрдирдЪреА рдХрд┐рдВрдордд рдкрд╛рд╣рд╛
#SamsungM12 
https://t.co/9AixaA8Rb5"
153,"Samsung Galaxy M12 рднрд╛рд░рддрд╛рдд рд▓рд╛рдБрдЪ, 6000mAh рд╕рд╣ рд╣реЗ рдЬрдмрд░рджрд╕реНрдд рдлреАрдЪрд░реНрд╕, рдлреЛрдирдЪреА рдХрд┐рдВрдордд рдкрд╛рд╣рд╛
#SamsungM12 
https://t.co/39WQoi7jmh"
154,"Samsung Galaxy M12 рднрд╛рд░рддрд╛рдд рд▓рд╛рдБрдЪ, 6000mAh рд╕рд╣ рд╣реЗ рдЬрдмрд░рджрд╕реНрдд рдлреАрдЪрд░реНрд╕, рдлреЛрдирдЪреА рдХрд┐рдВрдордд рдкрд╛рд╣рд╛
#SamsungM12 
https://t.co/9AixaA8Rb5"
155,Samsung mobile mujhe bahut pasand hai aur iska camera quality bahut acchi hai
156,"рд╕реИрдорд╕рдВрдЧ рдиреЗ рд▓реЙрдиреНрдЪ рдХрд┐рдпрд╛ рдзрд╛рдВрд╕реВ рд╕реНрдорд╛рд░реНрдЯрдлреЛрди, 10 рд╣рдЬрд╛рд░ рд░реБрдкрдпреЗ рд╕реЗ рдХрдо рдореЗрдВ рдЦрд░реАрдж рд╕рдХрддреЗ рд╣реИрдВ рдЖрдк 

#Samsung 
#SamsungM12 
@SamsungMobile 

https://t.co/ni09F4Qd1F"
157,@techzoned_ @GyanTherapy Oh... Mujhe bi laga Samsung kabse Value for money mobile dena shuru kiya ЁЯШВЁЯдг
158,"рджрдорджрд╛рд░ рдлреАрдЪрд░ рд╡рд╛рд▓рд╛ рд╕реИрдорд╕рдВрдЧ рдХрд╛ рдХрд┐рдлрд╛рдпрддреА рдлреЛрди рдЖрдЬ рд╣реЛрдЧрд╛ рд▓реЙрдиреНрдЪ, рдЬрд╛рдирд┐рдП рдХрд┐рддрдиреА рд╣реЛрдЧреА рдХреАрдордд

#Samsung 
#SamsungGalaxy 
@SamsungMobile 

https://t.co/OJ0B6f5M2C"
159,"RT @aajtak: Samsung рдХрд▓ рднрд╛рд░рдд рдореЗрдВ рд▓реЙрдиреНрдЪ рдХрд░реЗрдЧрд╛ 90Hz рдбрд┐рд╕реНрдкреНрд▓реЗ рд╡рд╛рд▓рд╛ рд╕рдмрд╕реЗ рд╕рд╕реНрддрд╛ рд╕реНрдорд╛рд░реНрдЯрдлреЛрди 

https://t.co/RnCM0kL3CS"
160,"Samsung рдХрд▓ рднрд╛рд░рдд рдореЗрдВ рд▓реЙрдиреНрдЪ рдХрд░реЗрдЧрд╛ 90Hz рдбрд┐рд╕реНрдкреНрд▓реЗ рд╡рд╛рд▓рд╛ рд╕рдмрд╕реЗ рд╕рд╕реНрддрд╛ рд╕реНрдорд╛рд░реНрдЯрдлреЛрди 

https://t.co/RnCM0kL3CS"
161,@GyanTherapy @Sanzzzev23 Bhai aap samsung mobile use kar rahe hai kya??
162,"Samsung Galaxy A82 рд╕реНрдорд╛рд░реНрдЯрдлреЛрди рд╕реНрдиреЗрдкрдбреНрд░реЗрдЧрди рдЪрд┐рдкрд╕реЗрдЯ рдФрд░ 5G рд╕рдкреЛрд░реНрдЯ рдХреЗ рд╕рд╛рде рд╣реЛ рд╕рдХрддрд╛ рд╣реИ рд▓реЙрдиреНрдЪ, рдЬрд╛рдиреЗрдВ рдЦреВрдмрд┐рдпрд╛рдВ
#Samsung #GalaxyA80
https://t.co/NpMLEiUqql"
163,"Samsung Galaxy S20 FE рд╕рд╣ рдпрд╛ рд╕реНрдорд╛рд░реНрдЯрдлреЛрдиреНрд╕рд╡рд░ рейрез рдЯрдХреНрдХреНрдпрд╛рдВрдкрд░реНрдпрдВрдд рдмрдВрдкрд░ рд╕реВрдЯ
#SamsungGalaxy 
https://t.co/HekDWQQYAA"
164,"Samsung Galaxy S20 FE рд╕рд╣ рдпрд╛ рд╕реНрдорд╛рд░реНрдЯрдлреЛрдиреНрд╕рд╡рд░ рейрез рдЯрдХреНрдХреНрдпрд╛рдВрдкрд░реНрдпрдВрдд рдмрдВрдкрд░ рд╕реВрдЯ
#SamsungGalaxy 
https://t.co/MYWVnoH7Cx"
165,@gadgets4you10 @ASUS_ROG_IN Nice mobile BHAI
166,"Asus рдиреЗ рдЕрдкрдиреА рдирдИ рдЕрд╕реВрд╕ рд░реЛрдЧ рдлреЛрди 5 рд╕реАрд░реАрдЬ рдХреЛ рднрд╛рд░рдд рдореЗрдВ рдХрд┐рдпрд╛ рд▓рд╛рдВрдЪ #MobileNews #AsusRogPhone5
https://t.co/nQ0259pXym"
167,"рднрд╛рд░рдд рдореЗрдВ рд▓реЙрдиреНрдЪ рд╣реБрдИ Asus рдХреА рдЧреЗрдорд┐рдВрдЧ рд╕реНрдорд╛рд░реНрдЯрдлреЛрди рд╕реАрд░реАрдЬ ROG Phone 5, рдЬрд╛рдирд┐рдП рдлреАрдЪрд░реНрд╕ рдФрд░ рдХреАрдордд 

#Asus #AsusGamingSmartphoneSeries #RogPhone5 #RogPhone5Features 

https://t.co/4AKI0TkqKn"
168,Asus рдиреЗ рд▓реЙрдиреНрдЪ рдХрд┐рдпрд╛ рджреБрдирд┐рдпрд╛ рдХрд╛ рдкрд╣рд▓рд╛ 18GB рд░реИрдо рд╡рд╛рд▓рд╛ рд╕реНрдорд╛рд░реНрдЯрдлреЛрди  news in hindi https://t.co/BAQ80uI1lz
169,"RT @aajtak: рдЧреЗрдорд┐рдВрдЧ рдХреЗ рджреАрд╡рд╛рдиреЛрдВ рдХреЗ рд▓рд┐рдП рд╣реИ ROG Phone 5,  рдкрдврд╝реЗрдВ рдЗрд╕ рдмрд╛рд░ рдХреНрдпрд╛ рд╣реИ рдЦрд╛рд╕. рдлреАрдЪрд░реНрд╕, рд╕реНрдкреЗрд╕рд┐рдлрд┐рдХреЗрд╢рдиреНрд╕ рдФрд░ рдХреАрдордд... 

https://t.co/47I7ljjBC2"
170,"рдЧреЗрдорд┐рдВрдЧ рдХреЗ рджреАрд╡рд╛рдиреЛрдВ рдХреЗ рд▓рд┐рдП рд╣реИ ROG Phone 5,  рдкрдврд╝реЗрдВ рдЗрд╕ рдмрд╛рд░ рдХреНрдпрд╛ рд╣реИ рдЦрд╛рд╕. рдлреАрдЪрд░реНрд╕, рд╕реНрдкреЗрд╕рд┐рдлрд┐рдХреЗрд╢рдиреНрд╕ рдФрд░ рдХреАрдордд... 

https://t.co/47I7ljjBC2"
171,"рдЖрд╕реБрд╕ рд▓рд╛рдпрд╛ рдЬрдмрд░рджрд╕реНрдд рдЧреЗрдорд┐рдВрдЧ рд╕реНрдорд╛рд░реНрдЯрдлреЛрди, рдорд┐рд▓реЗрдЧреА 18GB рддрдХ RAM, рдЬрд╛рдиреЗрдВ рдбрд┐рдЯреЗрд▓...

@ASUSIndia
@ASUS
@ASUS_ROG_IN
#AsusROG5
#ROGPhone5

https://t.co/CEC3gfbUDw"
172,"рдЖрдЬ рд▓реЙрдиреНрдЪ рд╣реЛрдЧрд╛ рджрдорджрд╛рд░ рдЧреЗрдорд┐рдВрдЧ рд╕реНрдорд╛рд░реНрдЯрдлреЛрди, рдЬрд╛рдирд┐рдП рдХреНрдпрд╛ рд╣реЛрдВрдЧреЗ рдлреАрдЪрд░ 
@ASUSIndia 
#ROGPhone5 
#AsusROG 

https://t.co/ZXjltOknRX"
173,"RT @pnbindia: рдЬрдм рдкрд╛рд╕ рд╣реЛрдЧрд╛ #PNBGenieMobileApp рддреЛ Cards рд╕реЗ рдЬреБрдбрд╝реА рд╣рд░ wish рдЪреБрдЯрдХрд┐рдпреЛрдВ рдореЗрдВ рд╣реЛрдЧреА рдкреВрд░реАред

App рдбрд╛рдЙрдирд▓реЛрдб рдХрд░рдиреЗ рдХреЗ рд▓рд┐рдП рд╡рд┐рдЬрд╝рд┐рдЯ рдХрд░реЗрдВ:

httpsтАж"
174,"рдЬрдм рдкрд╛рд╕ рд╣реЛрдЧрд╛ #PNBGenieMobileApp рддреЛ Cards рд╕реЗ рдЬреБрдбрд╝реА рд╣рд░ wish рдЪреБрдЯрдХрд┐рдпреЛрдВ рдореЗрдВ рд╣реЛрдЧреА рдкреВрд░реАред

App рдбрд╛рдЙрдирд▓реЛрдб рдХрд░рдиреЗ рдХреЗ рд▓рд┐рдП рд╡рд┐рдЬрд╝рд┐рдЯ рдХрд░реЗрдВ:

https://t.co/x4OxliZJEL ( Android рдХреЗ рд▓рд┐рдП) 

https://t.co/H6cHJaxHAm ( iOS рдХреЗ рд▓рд┐рдП) https://t.co/gcxrL98sB8"
175,"Amazon Apple Days Sale 2021: рдЕрдореЗрдЬрди рдкрд░ рдПрдкрд▓ рдкреНрд░реЛрдбрдХреНрдЯреНрд╕ рдХреА рд╕реЗрд▓ рд╢реБрд░реВ, рд╢рд╛рдирджрд╛рд░ рдбрд┐рд╕реНрдХрд╛рдЙрдВрдЯ рдореЗрдВ рдЦрд░реАрджреЗрдВ iPhone - Nai Dunia https://t.co/kbuBxekKug"
176,"@vaibhavUP65 Indian mobile companies, ab to sudhar jao..nahi to apple tumhe indian market se hi wipe out kar dega..achchi technology n invention ki mobiles khud bana lete, global market me pakad rakhte, to ye naubat kyu aati? ЁЯШбЁЯШбЁЯФеЁЯФе"
177,"RT @aajtak: рдЗрд╕ рдкреЙрдкреБрд▓рд░ рдРрдк рдореЗрдВ рдЧрдВрднреАрд░ рдЦрд╛рдореА рдорд┐рд▓реА, рдХреЛрдИ рднреА рдРрдХреНрд╕реЗрд╕ рдХрд░ рд╕рдХрддрд╛ рдерд╛ рдХреЙрд▓ рд░рд┐рдХреЙрд░реНрдбрд┐рдВрдЧ... 
#Technology
https://t.co/mcgaVbCIbi"
178,"рдЗрд╕ рдкреЙрдкреБрд▓рд░ рдРрдк рдореЗрдВ рдЧрдВрднреАрд░ рдЦрд╛рдореА рдорд┐рд▓реА, рдХреЛрдИ рднреА рдРрдХреНрд╕реЗрд╕ рдХрд░ рд╕рдХрддрд╛ рдерд╛ рдХреЙрд▓ рд░рд┐рдХреЙрд░реНрдбрд┐рдВрдЧ... 
#Technology
https://t.co/mcgaVbCIbi"
179,"#CyberNGO #Hindi version
Flubot рдирд╛рдо рдХрд╛ рдПрдХ рдорд╛рд▓рд╡реЗрд░ рд▓реЛрдЧреЛрдВ рдХреЗ рдлрд╝реЛрди рдореЗрдВ рдлрд╝реЗрдХ DHL, FedEx, рдУрд░ Chrome, рдРрдк рдХреЗ рдирд╛рдо рд╕реЗ рдлреЗрд▓ рд░рд╣рд╛ рд╣реИред рдпрд╣ рдРрдк рд▓реЛрдЧреЛрдВ рдХреЗ рдлрд╝реЛрди рдореЗрдВ рд╕реЗ рдмреИрдВрдХрд┐рдВрдЧ рдУрд░ рдХреНрд░реЗрдбрд┐рдЯ рдХрд╛рд░реНрдб рдХреА рдЬрд╛рдирдХрд╛рд░реА рдЪреЛрд░реА рдХрд░...(ream more) #virus #Android #PlayStore #Google #mobile #Malware https://t.co/teGQraK1MM"
180,"@pushpendrakum @smartview @PushpendraTech @smartviewai Aaj se dedh saal pahle apne mobile me ek gem download kiya tha bitcoin blast biling  jisse 1000 satoshi roj milte the 2week me 10k-15k zebpay se cell karta tha 2-3 manth ke baad is ki prize google pe dekha 8,9,10,11 lakha badhta gya  tab pta chala fir shocha  ye haat nhi ayegi"
181,"рдХреНрдпрд╛ рдЖрдкрдиреЗ рдбрд╛рдЙрдирд▓реЛрдб рдХрд┐рдпрд╛ тАУ рдирд╣реАрдВ рдХрд┐рдпрд╛ рддреЛ рддреБрд░рдВрдд рдбрд╛рдЙрдирд▓реЛрдб рдХрд░реЗ тАУ
FREE MOBILE APPS тАУ Rojgar Result
рд╕рднреА рдЬрд╛рдирдХрд╛рд░реА рдорд┐рд▓реЗрдЧреА тАУ рдЕрдкрдбреЗрдЯ
Download Now тАУ https://t.co/Qvt76kCNpZ https://t.co/0G6Cio7aYc"
182,"Mansukh Hiran Death Mystery: рд╕рдЪрд┐рди рд╡рдЭреЗ рдХреЛ рдХреЛрд░реНрдЯ рдореЗрдВ рдкреЗрд╢ рдХрд░рдиреЗ рдХреА рддреИрдпрд╛рд░реА, рдкрд░ рдХрд╣рд╛рдВ рдЧрдпрд╛ рдордирд╕реБрдЦ рд╣рд┐рд░реЗрди рдХрд╛ рдореЛрдмрд╛рдЗрд▓? - Navbharat Times https://t.co/NtmYr2Gz0e"
183,"#Grind #Emiway
рдЕрдкрдиреА рдЙрдореНрд░ рдХрд╛ рдкрддрд╛ рдХрд░реЗрдВ рдЗрд╕ рдРрдк рд╕реЗ | рдпреЗ рдмрд┐рд▓рдХреБрд▓ рдлреНрд░реА рдРрдк рд╣реИ | рдбрд╛рдЙрдирд▓реЛрдб рдХрд░рдиреЗ рдХреЗ рд▓рд┐рдП рдиреАрдЪреЗ рджреА рдЧрдпреА рдлреЛрдЯреЛ рдкреЗ рдХреНрд▓рд┐рдХ рдХрд░реЗрдВ |
This free mobile app will help you to find your correct age.
 https://t.co/z84qeWmNBu https://t.co/BpzPLkI0Wx"
184,"#Toofan 
рдЕрдкрдиреА рдЙрдореНрд░ рдХрд╛ рдкрддрд╛ рдХрд░реЗрдВ рдЗрд╕ рдРрдк рд╕реЗ | рдпреЗ рдмрд┐рд▓рдХреБрд▓ рдлреНрд░реА рдРрдк рд╣реИ | рдбрд╛рдЙрдирд▓реЛрдб рдХрд░рдиреЗ рдХреЗ рд▓рд┐рдП рдиреАрдЪреЗ рджреА рдЧрдпреА рдлреЛрдЯреЛ рдкреЗ рдХреНрд▓рд┐рдХ рдХрд░реЗрдВ |
This free mobile app will help you to find your correct age.
 https://t.co/z84qeWmNBu https://t.co/byNMiiKzqD"
185,"#MSDhoni 
рдЕрдкрдиреА рдЙрдореНрд░ рдХрд╛ рдкрддрд╛ рдХрд░реЗрдВ рдЗрд╕ рдРрдк рд╕реЗ | рдпреЗ рдмрд┐рд▓рдХреБрд▓ рдлреНрд░реА рдРрдк рд╣реИ | рдбрд╛рдЙрдирд▓реЛрдб рдХрд░рдиреЗ рдХреЗ рд▓рд┐рдП рдиреАрдЪреЗ рджреА рдЧрдпреА рдлреЛрдЯреЛ рдкреЗ рдХреНрд▓рд┐рдХ рдХрд░реЗрдВ |
This free mobile app will help you to find your correct age.
 https://t.co/z84qeWmNBu https://t.co/l1X8zWFGie"
186,"RT @AmarUjalaNews: рдХрд╛рдо рдХрд╛ рдлреАрдЪрд░: рдЧреВрдЧрд▓ рдореИрдк рдореЗрдВ рдЧреБрдордирд╛рдо рд╕рдбрд╝рдХреЛрдВ рдХреА рдЬрд╛рдирдХрд╛рд░реА рджреЗ рд╕рдХреЗрдВрдЧреЗ рдЖрдк
@googlemaps
https://t.co/rEUPtVKUtT"
187,"рдХрд╛рдо рдХрд╛ рдлреАрдЪрд░: рдЧреВрдЧрд▓ рдореИрдк рдореЗрдВ рдЧреБрдордирд╛рдо рд╕рдбрд╝рдХреЛрдВ рдХреА рдЬрд╛рдирдХрд╛рд░реА рджреЗ рд╕рдХреЗрдВрдЧреЗ рдЖрдк
@googlemaps
https://t.co/rEUPtVKUtT"
188,"рдкрдЯрдирд╛ рдореЗрдВ рдореЛрджреА рдХреА рд░реИрд▓реА рдореЗрдВ рдзрдорд╛рдХрд╛ рдХрд░рдиреЗ рд╡рд╛рд▓реЗ рдЖрддрдВрдХреА рд╕реЗ рдЬреБрдбрд╝реЗ рдПрдВрдЯреАрд▓рд┐рдпрд╛ рдХреЗрд╕ рдХреЗ рддрд╛рд░, рдЬрд╛рдиреЗрдВ рддрд┐рд╣рд╛рдбрд╝ рдореЗрдВ рдХреИрд╕реЗ рд░рдЪреА рд╕рд╛рдЬрд┐рд╢? - Hindustan https://t.co/oaoewK5KX9"
189,"@Shubhrastha @SupriyaShrinate @INCIndia Sadhvi ji ka pravachan is link par jaakar sun sakte hai!
https://t.co/NvU8AmOvgC https://t.co/e3ruSbFDhA"
190,"рдЕрдм Google Pay рдкрд░ рд░рд╣реЗрдЧрд╛ рдпреВрдЬрд░реНрд╕ рдХрд╛ рдЕ рдзрд┐рдХ рдХрдВрдЯреНрд░реЛрд▓, рдЯреНрд░рд╛рдВрдЬреЗрдХреНрд╢рди рд╣рд┐рд╕реНрдЯреНрд░реА рдХрд░ рд╕рдХреЗрдВрдЧреЗ рдбрд┐рд▓реАрдЯ, рдЬрд╛рдирд┐рдП рдирдП рдлреАрдЪрд░реНрд╕ рдХреЗ рдмрд╛рд░реЗ рдореЗрдВ 

#GooglePay #GooglePayNewFeatures

https://t.co/7HmvE6IQkJ"
191,"рдордорд╣рд╛рд╢рд┐рд╡рд░рд╛рддреНрд░рд┐
https://t.co/hS1Rrrwwib"
192,"рдорд╣рд╛рд╢рд┐рд╡рд░рд╛рддреНрд░рд┐ 
https://t.co/h5t4nq2g0j"
193,"@NayantaraRai @vijayshekhar @Paytm gadhe ke bacche, tere tatton se 3 mahine mein refund process nai hua, banayega tu full stack financial ......har doosre din khada ho jata bheekh ka katora leke google se bacha lo, phone pe se bacha lo. ghatiya aadmi, maha ghatiya company. worst customer care among mobile wallets"
194,"рдореЛрдмрд╛рдЗрд▓ рдкрд░ рдирд╣реАрдВ рдорд┐рд▓ рд░рд╣рд╛ рдУрдЯреАрдкреА SMS, рдпреЗ рд╡рдЬрд╣ рдмрдиреАрдВ рдореБрд╕реАрдмрдд, рдбрд┐рдЬрд┐рдЯрд▓ рд▓реЗрдирджреЗрди рдореЗрдВ рд╣реЛ рд░рд╣реА рд╕рдорд╕реНрдпрд╛
https://t.co/jWiVaDBjWD
 
 Via  Dainik Jagran App.

Click to download   
https://t.co/9RT25wyXzn"
195,"MP рд░рд╛рд╣реБрд▓ рд╢рд┐рд╡рд╛рд▓реЗ рдиреЗ рдЖрдЬ рдХреЛрд╡рд┐рдж рдЯреНрд░реИрдХрд░ рдХреА рдпреЛрдЬрдирд╛ рдХреА рд╢реБрд░реБрд╡рд╛рдд рдХреА @rahulshewale
@ShivSena
https://t.co/IT0YIeiCYR

https://t.co/lAzCOGgUGw
Download Mobile App тЮбя╕П https://t.co/1VTWJBnlC0 https://t.co/Tj6iYwyVI8"
196,"Lat tumhari lagi he,
ilzam mobile per aata he. тЭдя╕П"
197,RT @EktaSon84818609: Motorola рдиреЗ рднрд╛рд░рдд рдореЗрдВ рдордВрдЧрд▓рд╡рд╛рд░ рдХреЛ рдЕрдкрдиреЗ рджреЛ рдирдП рд╕реНрдорд╛рд░реНрдЯрдлреЛрдиреНрд╕ Moto G30 рдФрд░ Moto G10 Power рдХреЛ рд▓реЙрдиреНрдЪ рдХрд┐рдпрд╛. Moto G30 рдореЗрдВ 64MPтАж
198,Motorola рдиреЗ рднрд╛рд░рдд рдореЗрдВ рдордВрдЧрд▓рд╡рд╛рд░ рдХреЛ рдЕрдкрдиреЗ рджреЛ рдирдП рд╕реНрдорд╛рд░реНрдЯрдлреЛрдиреНрд╕ Moto G30 рдФрд░ Moto G10 Power рдХреЛ рд▓реЙрдиреНрдЪ рдХрд┐рдпрд╛. Moto G30 рдореЗрдВ 64MP рдкреНрд░рд╛рдЗрдорд░реА рдХреИрдорд░рд╛ рдФрд░ 90Hz рдбрд┐рд╕реНрдкреНрд▓реЗ рдЬреИрд╕реЗ рдлреАрдЪрд░реНрд╕ рджрд┐рдП рдЧрдП рд╣реИрдВ. рдЗрд╕ рдлреЛрди рдХреА рдХреАрдордд 11 рд╣рдЬрд╛рд░ рд░реБ... via @aajtak https://t.co/SDyjoqpIUT
199,"RT @aajtak: Moto G30 рдХреА рдХреАрдордд 10,999 рд░реБрдкрдпреЗ рд░рдЦреА рдЧрдИ рд╣реИ рдФрд░ рдЗрд╕рдореЗрдВ 64MP рдХреИрдорд░рд╛ рдФрд░ 90Hz рдбрд┐рд╕реНрдкреНрд▓реЗ рдЬреИрд╕реЗ рдлреАрдЪрд░реНрд╕ рджрд┐рдП рдЧрдП рд╣реИрдВ
#Technews
https://t.co/d4qTтАж"
200,"рд╢рд╛рдирджрд╛рд░ рдлреАрдЪрд░реНрд╕ рдХреЗ рд╕рд╛рде Motorola рдХреЗ рджреЛ рдирдП рд╕реНрдорд╛рд░реНрдЯрдлреЛрдиреНрд╕ рднрд╛рд░рдд рдореЗрдВ рд▓реЙрдиреНрдЪ, рдХреАрдордд 9,999 рд░реБрдкрдпреЗ рд╕реЗ рд╢реБрд░реВ https://t.co/0hKNd4mySU"
201,"Moto G30 рдХреА рдХреАрдордд 10,999 рд░реБрдкрдпреЗ рд░рдЦреА рдЧрдИ рд╣реИ рдФрд░ рдЗрд╕рдореЗрдВ 64MP рдХреИрдорд░рд╛ рдФрд░ 90Hz рдбрд┐рд╕реНрдкреНрд▓реЗ рдЬреИрд╕реЗ рдлреАрдЪрд░реНрд╕ рджрд┐рдП рдЧрдП рд╣реИрдВ
#Technews
https://t.co/d4qTCUHp1x"
202,"рдореЛрдЯреЛрд░реЛрд▓рд╛ рдиреЗ рд▓реЙрдиреНрдЪ рдХрд┐рдП рджреЛ рд╕рд╕реНрддреЗ рд╕реНрдорд╛рд░реНрдЯрдлреЛрди, рд╢рд╛рдУрдореА рдФрд░ рд░рд┐рдпрд▓рдореА рдХреЛ рдорд┐рд▓реЗрдЧреА рдЯрдХреНрдХрд░
#Motorola #MotoG30 #MotoG10Power
https://t.co/sk75hB4qeE"
203,"@LoveSha91116420 @confusedvichar рд▓реЗ рдпреЗ рд░рд╣рд╛ рд▓рд┐рдВрдХ рддреЗрд░реЗ рд▓рд┐рдП ЁЯШАЁЯША рдмрд┐рдирд╛ рдЖрд░рдХреНрд╖рдг рд╡рд╛рд▓реЗ рдЬреИрди! 
рдореИрдВ рдЬрдирд░рд▓ рдХреА рдмрд╛рдд рдХрд░ рд░рд╣рд╛ рд╣реБ рддреВ рдЬреИрди рдореЗрдВ рдЙрд▓рдЭрд╛ рд░рд╣рд╛ рд╣реИ рдЖрд░рдХреНрд╖рдг рдХреЗ рдЯреЙрдкрд┐рдХ рд╕реЗ рдбрд╛рдпрд╡рд░реНрдЯ рдХрд░рдиреЗ рдХреЛ ! рдЬрд╛рддрд┐рд╡рд╛рдж рдорд┐рдЯрд╛ рдирд╛ ? 

https://t.co/D2qaEddGAq"
204,"RT @aajtak: Motorola рдХреЗ 9,999 рд░реБрдкрдпреЗ рдХреАрдордд рд╡рд╛рд▓реЗ рдирдП рд╕реНрдорд╛рд░реНрдЯрдлреЛрди рдХреЛ рдЦрд░реАрджрдиреЗ рдХрд╛ рдореМрдХрд╛ рдЖрдЬ, рдорд┐рд▓реЗрдВрдЧреЗ 48MP рдХреИрдорд░рд╛ рдФрд░ 6,000mAh рдмреИрдЯрд░реА рдЬреИрд╕реЗ рдлреАрдЪрд░реНрд╕ 
#technoтАж"
205,"Motorola рдХреЗ 9,999 рд░реБрдкрдпреЗ рдХреАрдордд рд╡рд╛рд▓реЗ рдирдП рд╕реНрдорд╛рд░реНрдЯрдлреЛрди рдХреЛ рдЦрд░реАрджрдиреЗ рдХрд╛ рдореМрдХрд╛ рдЖрдЬ, рдорд┐рд▓реЗрдВрдЧреЗ 48MP рдХреИрдорд░рд╛ рдФрд░ 6,000mAh рдмреИрдЯрд░реА рдЬреИрд╕реЗ рдлреАрдЪрд░реНрд╕ 
#technology #smartphones 
https://t.co/8AsiEzS843"
206,"рдЙрддреНрддрд░ рдкреНрд░рджреЗрд╢ рдорд╛рдзреНрдпрдорд┐рдХ рд╢рд┐рдХреНрд╖рд╛ рд╕реЗрд╡рд╛ рдЪрдпрди рдмреЛрд░реНрдб рдореЗрдВ 12603 Post рдХреА рдиреМрдХрд░реА - рджреЗрдЦреЗ  FREE Mobile Apps рдкрд░ 
https://t.co/Qvt76kCNpZ"
207,"@Trishool20 рдмрд╕ рднрдпрд╛рдирдХ, рдореИрдВрдиреЗ рдбрд╛рдпрдирд╛рдорд┐рдХ рдмреНрд▓реИрдХ рдСрд░реНрдбрд░ рдХрд┐рдпрд╛, рд░рдВрдЧ рдЙрддреНрддрдо рджрд░реНрдЬреЗ рдХрд╛, рдкрддрд▓рд╛ рдФрд░ рд╣рд▓реНрдХрд╛ рд╡рдЬрди рд╣реИ
#OppoA15s #Oppo #mobile"
208,"@ManojSaru @oppomobileindia Bahut mast he yah oppo ka mobile ЁЯСМ
ek dam fadu he..
Good night kiyuki rat ke 12:52 ho rhe he ЁЯШФ"
209,"OnePlus 9 Series рдХреЗ рджрдорджрд╛рд░ рдлреАрдЪрд░ рдХрд╛ рд╣реБрдЖ рдЦреБрд▓рд╛рд╕рд╛, рдЬрд╛рдирд┐рдпреЗ рдХреНрдпрд╛ рд╣реИ рдЗрд╕рдореЗрдВ рдЦрд╛рд╕ : https://t.co/3X10c5WNMD

#OnePlus #OnePlusSeries #OnePlus9 #GadgetGallery #Photos #BGR https://t.co/jVMDeYsIaa"
210,"OnePlus 9 Series рдХреЗ рджрдорджрд╛рд░ рдлреАрдЪрд░ рдХрд╛ рд╣реБрдЖ рдЦреБрд▓рд╛рд╕рд╛, Snapdragon 888 рдкреНрд░реЛрд╕реЗрд╕рд░ рдХреЗ рд╕рд╛рде рдЖрдПрдЧрд╛ рдлреЛрди

@OnePlus_IN 
@qualcomm_in 
#OnePlus9Series 

https://t.co/eLavZ86Y9S"
211,"RT @NbtTech: рд╕рд╛рдордиреЗ рдЖрдИ OnePlus 9 Pro рдХреЗ рдбрд┐рд╕реНрдкреНрд▓реЗ рд╕реЗ рдЬреБрдбрд╝реА рдЕрд╣рдо рдЬрд╛рдирдХрд╛рд░рд┐рдпрд╛рдВ, рдлреНрд▓реВрдЗрдб рдбрд┐рд╕реНрдкреНрд▓реЗ 2.0 рд╕рдореЗрдд рд╣реИрдВ рдХрдИ рдЦреВрдмрд┐рдпрд╛рдВ
https://t.co/i64VNTyd2k htтАж"
212,"рд╕рд╛рдордиреЗ рдЖрдИ OnePlus 9 Pro рдХреЗ рдбрд┐рд╕реНрдкреНрд▓реЗ рд╕реЗ рдЬреБрдбрд╝реА рдЕрд╣рдо рдЬрд╛рдирдХрд╛рд░рд┐рдпрд╛рдВ, рдлреНрд▓реВрдЗрдб рдбрд┐рд╕реНрдкреНрд▓реЗ 2.0 рд╕рдореЗрдд рд╣реИрдВ рдХрдИ рдЦреВрдмрд┐рдпрд╛рдВ
https://t.co/i64VNTyd2k https://t.co/DfkIkMCown"
213,"RT @aajtak: рднрд╛рд░рдд рдореЗрдВ рдЗрд╕ рдорд╣реАрдиреЗ рд▓реЙрдиреНрдЪ рд╣реЛрдВрдЧреЗ рдпреЗ рд╕реНрдорд╛рд░реНрдЯрдлреЛрдиреНрд╕, рджреЗрдЦреЗрдВ рд▓рд┐рд╕реНрдЯ 
#Technology
https://t.co/uVemkwudKa"
214,"рдЕрдм @OnePlus_IN рдПрдХ рдмрд╛рд░ рдлрд┐рд░ рд╕реЗ рд╕реНрдорд╛рд░реНрдЯрдлрд╛реЗрди рдХреЗ рдХрд╛реЗрд░ рдлреАрдЪрд░ рдХрд╣реЗ рдЬрд╛рдиреЗ рд╡рд╛рд▓реЗ рдХреИрдорд░реЗ рдкрд░ рдФрд░ рдЬреНрдпрд╛рджрд╛ рдлрд╛реЗрдХрд╕ рдХрд░ рд░рд╣реА рд╣реИ 

https://t.co/HIOcCjkGLn"
215,"@TechnicalGuruji Samsung jyada famous hai magar sub OnePlus or apple prefer karte hai kyuki bohot zyada price rehta 
Hai to best budget is best baki mobile mangna nahi hai aap se acha nahi lagta"
216,"рдЕрдм OnePlus рдПрдХ рдмрд╛рд░ рдлрд┐рд░ рд╕реЗ рд╕реНрдорд╛рд░реНрдЯрдлрд╛реЗрди рдХреЗ рдХрд╛реЗрд░ рдлреАрдЪрд░ рдХрд╣реЗ рдЬрд╛рдиреЗ рд╡рд╛рд▓реЗ рдХреИрдорд░реЗ рдкрд░ рдФрд░ рдЬреНрдпрд╛рджрд╛ рдлрд╛реЗрдХрд╕ рдХрд░ рд░рд╣реА рд╣реИ 
https://t.co/HIOcCjkGLn"
217,"рднрд╛рд░рдд рдореЗрдВ рдЗрд╕ рдорд╣реАрдиреЗ рд▓реЙрдиреНрдЪ рд╣реЛрдВрдЧреЗ рдпреЗ рд╕реНрдорд╛рд░реНрдЯрдлреЛрдиреНрд╕, рджреЗрдЦреЗрдВ рд▓рд┐рд╕реНрдЯ 
#Technology
https://t.co/uVemkwudKa"
218,"@ManojSaru @oppomobileindia Iske liye bahot bahot sukriya apka sir ji. 
Android mobile sasta hone karan yahi oppo mobile phone hi jo ki sabhi Android mobile ke saste hone ka credit bhi isi (oppo) phone ko jata hi. Thanks sir ji"
219,@TechnicalGuruji Lekin Bhai Aapka thopda tendha kion dikh Raha he zaroor Aapne oppo mobile se photo khincha he
220,"@TrakinTech @oppomobileindia Thanks sir ji. Aisa sabhi log kahte hi ki oppo ka mobile chalate chalate bahot garm ho jata hi please sir ji app kabhi iske bare me video banakar jarur bataiye. Nameste sir ji 

App aise hi swasth rhiye"
221,@Aneeka_siddiqui Oppo ka mobile bech diya na is liy ЁЯЩБЁЯЩБ
222,"Oppo india yaar gift bhi kar diya karo mobile kabhi kabhi ЁЯШВ
#OPPOF19ProSeries #OPPOReno5Pro5G #OPPOReno5Launch https://t.co/Hg49haSy56"
223,"RT @NbtTech: рджрдорджрд╛рд░ рдкреНрд░реЛрд╕реЗрд╕рд░ рдХреЗ рд╕рд╛рде 31 рдорд╛рд░реНрдЪ рдХреЛ рдЖ рд░рд╣рд╛ Realme GT Neo, рдЕрдм рддрдХ рд╕рд╛рдордиреЗ рдЖрдИ рдпреЗ рдЬрд░реВрд░реА рдбреАрдЯреЗрд▓реНрд╕
https://t.co/r470DTt5gf https://t.co/5XтАж"
224,"рджрдорджрд╛рд░ рдкреНрд░реЛрд╕реЗрд╕рд░ рдХреЗ рд╕рд╛рде 31 рдорд╛рд░реНрдЪ рдХреЛ рдЖ рд░рд╣рд╛ Realme GT Neo, рдЕрдм рддрдХ рд╕рд╛рдордиреЗ рдЖрдИ рдпреЗ рдЬрд░реВрд░реА рдбреАрдЯреЗрд▓реНрд╕
https://t.co/r470DTt5gf https://t.co/5XWshxlPZ2"
225,"Realme Narzo 30 рдЬрд▓реНрдж рд╣реЛрдЧрд╛ рд▓реЙрдиреНрдЪ, рдорд┐рд▓реЗрдВрдЧреЗ 5G рдиреЗрдЯрд╡рд░реНрдХ рд╕рдореЗрдд рдпреЗ рдЦрд╛рд╕ рдлреАрдЪрд░реНрд╕

#RealmeNarzo305G @realmeIndia 

https://t.co/DHCfWMc7lZ"
226,"рд░рд┐рдпрд▓рдореА рдХреЗ рд╕рдмрд╕реЗ рдкрд╛рд╡рд░рдкреБрд▓ рд╕реНрдорд╛рд░реНрдЯрдлреЛрди рдХреЛ рдХрд┐рдпрд╛ рдЧрдпрд╛ рдмреИрди, рдЧрдбрд╝рдмрдбрд╝реА рдХрд░рдиреЗ рдХрд╛ рд▓рдЧрд╛ рдЖрд░реЛрдк 
@realmeIndia 
#RealmeGT 
#antutu 

https://t.co/byr7LCaOrL"
227,"RT @NbtTech: Realme рд▓рд╛ рд░рд╣реА рдПрдХ рдФрд░ рд╕рд╕реНрддрд╛ 5G рд╕реНрдорд╛рд░реНрдЯрдлреЛрди Realme Narzo 30, рджреЗрдЦреЗрдВ рдбреАрдЯреЗрд▓
https://t.co/72hNeWixNP https://t.co/TIWCHf1Q52"
228,"Realme рд▓рд╛ рд░рд╣реА рдПрдХ рдФрд░ рд╕рд╕реНрддрд╛ 5G рд╕реНрдорд╛рд░реНрдЯрдлреЛрди Realme Narzo 30, рджреЗрдЦреЗрдВ рдбреАрдЯреЗрд▓
https://t.co/72hNeWixNP https://t.co/TIWCHf1Q52"
229,"RT @NbtTech: 23 рдорд╛рд░реНрдЪ рдХреЛ рд▓реЙрдиреНрдЪ рд╣реЛрдЧрд╛ Realme C25, 6000 mAh рдмреИрдЯрд░реА рд╕рдореЗрдд рдлреЛрди рдХреЗ рдЦрд╛рд╕ рдлреАрдЪрд░реНрд╕ рдХрдВрдлрд░реНрдо
https://t.co/nYBN7Xqz8Z https://t.co/tOfrXM062V"
230,"23 рдорд╛рд░реНрдЪ рдХреЛ рд▓реЙрдиреНрдЪ рд╣реЛрдЧрд╛ Realme C25, 6000 mAh рдмреИрдЯрд░реА рд╕рдореЗрдд рдлреЛрди рдХреЗ рдЦрд╛рд╕ рдлреАрдЪрд░реНрд╕ рдХрдВрдлрд░реНрдо
https://t.co/nYBN7Xqz8Z https://t.co/tOfrXM062V"
231,@TweetToDheeraj @MadhavSheth1 Ghata realme wale chutiya h redmi ko takker dene ki soch rh hai ЁЯШВ redmi jaise tgde phone bhi lunch karne hote hai bhai ЁЯШТsirf kh thodi hota hai wo hi purana 720g and g95 de rh hai or badi si chin mobile me F
232,"рднрд╛рд░рдд рдореЗрдВ 24 рдорд╛рд░реНрдЪ рдХреЛ рд▓реЙрдиреНрдЪ рд╣реЛрдЧреА рд░рд┐рдпрд▓рдореА 8 рд╕реАрд░реАрдЬрд╝, рдорд┐рд▓реЗрдЧрд╛ 108MP рдХреИрдорд░рд╛  news in hindi https://t.co/O7n1WtfhFw"
233,NOKIA: aasa mobile phone banata hi ni jo tooty ЁЯджЁЯП╗тАНтЩВя╕П https://t.co/kuQvvnyEJ6
234,"@akshaykumar @vikramix Sir mera ek chota sa kaam kar do mere mobile ka recharge khatm ho gaya hai please recharge karwa do mera mob no., 9373284311 Jio ka no. Hai"
235,Mere mobile ka recharge khatm ho gaya hai koi to recharge karwa do please my Jio no. 9373284311
236,@SonuSood Sir mera chota sa kaam kar do mere mobile ka recharge khatm ho gaya hai please recharge karwa dijiye mera jio no. 9373284311
237,"@reliancejio 
#JioFiber
рдирдорд╕реНрддреЗ рдорд╣реЛрджрдп
рдореЗрд░рд╛ рдирд╛рдо рд░реЛрд╣рд┐рдд рд╣реИ рдФрд░ рдореИрдВ рд░рд╛рдЬрд╕реНрдерд╛рди рдХреЗ рдЕрд▓рд╡рд░ рдЬрд┐рд▓реЗ рд╕реЗ рд╣реВрдВред рдореИрдВ рдЖрдкрд╕реЗ рдирд┐рд╡реЗрджрди рдХрд░рдирд╛ рдЪрд╛рд╣рддрд╛ рд╣реВрдВ рдХрд┐ рд╣рдорд╛рд░реЗ рдХреНрд╖реЗрддреНрд░ рдореЗрдВ рдЖрдкрдХреА jio fibber рд╕рд░реНрд╡рд┐рд╕ рдЙрдкрд▓рдмреНрдз рдирд╣реАрдВ рд╣реИ рдФрд░ рдореИрдВ рдФрд░ рдореЗрд░реЗ рдЖрд╕ рдкрд╛рд╕ рдХреЗ рдкрд░рд┐рд╡рд╛рд░ рдХреЗ рд╕рджрд╕реНрдп рдпрд╣ рд╕рд░реНрд╡рд┐рд╕ рдЙрдкрдпреЛрдЧ рдХрд░рдирд╛ рдЪрд╛рд╣рддреЗ рд╣реИрдВ|
My mobile 7014267677 https://t.co/Ku3fhNWD83"
238,"@JioCare Sir рдореИ рдЖрдкрд╕реЗ рдлрд┐рд░ рд╕реЗ рдмреЛрд▓ рд░рд╣рд╛ рд╣реВрдВ network рдареАрдХ рд╣реЛрдЧрд╛ рдпрд╛ рдирд╣реАрдВ рдЕрдЧрд░ рдирд╣реА рд╣реЛрдЧрд╛ рддреЛ рдореИрдВ рдЕрдкрдиреЗ рдпрд╣рд╛рдВ рдХрд╛ jio sim рдХреЛ рдПрдпрд░рдЯреЗрд▓ рдкреЛрд░реНрдЯ рдХрд░рд╡рд╛ рджреЗрдВрдЧреЗ ред рд╕рд╣реА рддрд░реАрдХреЗ рд╕реЗ рдмрд╛рдд рдирд╣реА рд╣реЛ рдкрд╛рддреА ,рддреЛ рдиреЗрдЯ рдХрд╣рд╛ рд╕реЗ рдЪрд▓реЗрдЧрд╛ 
My mobile no 8709821854"
239,"RT @NbtTech: рдЬрд╛рдиреЗрдВ рдорд╛рдЗрдХреНрд░реЛрдореИрдХреНрд╕ рдХреЗ рдирдП рдореЛрдмрд╛рдЗрд▓ Micromax In 1 рдХреА рдХреАрдордд рдФрд░ рдлреАрдЪрд░реНрд╕, рдХрд▓ рд╣реИ рд▓реЙрдиреНрдЪрд┐рдВрдЧ
https://t.co/CmHuhvOeeQ https://t.co/fSPp9QgUT0"
240,"рдЬрд╛рдиреЗрдВ рдорд╛рдЗрдХреНрд░реЛрдореИрдХреНрд╕ рдХреЗ рдирдП рдореЛрдмрд╛рдЗрд▓ Micromax In 1 рдХреА рдХреАрдордд рдФрд░ рдлреАрдЪрд░реНрд╕, рдХрд▓ рд╣реИ рд▓реЙрдиреНрдЪрд┐рдВрдЧ
https://t.co/CmHuhvOeeQ https://t.co/fSPp9QgUT0"
241,"@Micromax__India #Don #IN1 #INMobiles 

Market main bahut se mobile hai to ky hua #IN1 to #IN1 hain

#INdiaKeLiye @Micromax__India 

Join @RuchikaJain89 @Soni20k @Raghavendra0703  @montu13713 @sweetynsalt https://t.co/vLuNJxeh3z"
242,"@Micromax__India #Don #IN1 #INMobiles 
Mein bahut majboor hoon DSP
Normal display k mobile lene ki aadat mujhe bilkul nahi hai. Islie only #IN1 mere lie

#INdiaKeLiye @Micromax__India 

Tagging ЁЯТа@Ruchikajain89 ЁЯТа@GauravP26479152   ЁЯТа@Raghavendra0703 ЁЯТа@Sweetynsalt  ЁЯТа@Soni20k https://t.co/0jMLAGHtvg"
243,"@Micromax__India Mujhe Aur kisi company ka mobile phone ka Naam na dikhayi dete hain na sunai dete hain. Sirf ek  @Micromax__India   ka naam sunayi deta hai aur uska dumdar display,uska picture dikhai deta hai.
#IN1 #INMobiles #INdiaKeLiye #Don #MicromaxIsBack #INdiaKaNayaBlockbuster
@Priyaavni1"
244,"RT @imrohit23_: @Micromax__India ""Dekho Aaya Popo, Bovo Or Thiomi  Ki Lagane Aaya Waat. #InForIndia OP IN The Chat""ЁЯд│    

 #in1 #inmobilesтАж"
245,"@Micromax__India ""Dekho Aaya Popo, Bovo Or Thiomi  Ki Lagane Aaya Waat. #InForIndia OP IN The Chat""ЁЯд│    

 #in1 #inmobiles #INdiaKeLiye
 #micomaxisback #INdiaKaNayaBlockbuster @micromax_mobile"
246,"рджрдорджрд╛рд░ рдЦреВрдмрд┐рдпреЛрдВ рдХреЗ рд╕рд╛рде рд▓реЙрдиреНрдЪ рд╣реЛрдЧрд╛ Micromax in 1, рдЬрд╛рдиреЗрдВ рдХреНрдпрд╛ рд╣реЛрдВрдЧреА рдЦреВрдмрд┐рдпрд╛рдВ
#micromax #micromaxin1
https://t.co/kSpPYiFaAc"
247,"@Micromax__India Agar sb mobile brand  janta ko Achhi phone deti hai ... toh @Micromax janta ko unse bhi accha phone denge aur wo bhi unse low price pr..
Jai hindЁЯЗоЁЯЗ│ЁЯЗоЁЯЗ│ЁЯЗоЁЯЗ│
#Khiladi 
#micromax
@MadeInIndia"
248,"@Micromax__India Main ek baar dhande ke paise chhod sakta hoon ... par @micromax_mobile #IN1  nahiЁЯШВЁЯШВЁЯШВ
 #INMobiles #INdiaKeLiye"
249,@Micromax__India Chinese mobiles wale bhains ke liye IN mobile wali lathi ki jarurat hoti hai ( dialog by khiladi )
250,"@Micromax__India Machli Ko mast tel mein fry karke khane ka aur #IN1 mobile ko aage badhane ka 

#GullyBoy #INMobiles #INdiaKeLiye 
@Micromax__India ЁЯЗоЁЯЗ│"
251,"@Micromax__India Main Nahi Badalta Apna Sapna Apne Sachai Se Mel Khane Ke Vaaste тАж Main Apna Mobile Badlega #IN1 Se Joh Mere Sapne Se Mel Khaye
#GullyBoy #INMobiles #INdiaKeLiye
@Micromax__India"
252,"@Micromax__India Todh dunga har tarazu, 
Tu mujhe kya tolega...
Tere Chinese mobiles ki raid lag gayi,
Ab ye #Gaming mobile #India ka bolega ЁЯЗоЁЯЗ│ЁЯЗоЁЯЗ│ЁЯТкЁЯП╝ЁЯТкЁЯП╝"
253,"@Micromax__India Tod dega har record, tu mujhe kya todega, sare mobile ki waat lag gayi , ab yeh sikka @Micromax__India  ka bolega.

#GullyBoy #IN1 #INMobiles #INdiaKeLiye"
254,"Kehne ko hum pass hai par kitni doori hai
Yeh bhi kaisi mazboori hai

Aao #In dooriyoan ke mitaye 
@Micromax__India
Ka mobile jeet jaaye

 #GullyBoy  #IN1
 #INMobiles #INdiaKeLiye https://t.co/mmq8b1UalI"
255,"@Micromax__India тАЬMohabbat main 2 tarha k gunahgaar hote hain, aik jo bewafa hote hain, aik jo bewafaaтАЩon k liay #IN1 Mobile Gift kar Deti hain
#GullyBoy #IN1 
@Micromax__India"
256,"@Micromax__India Ye kya ЁЯдФ ek hi degin ka mobile launch kar rhe #rahulsharma sir.
Ye new india hai to phir kuchh new degin bhi rhna chahiye n.ЁЯШгЁЯШгЁЯШгЁЯШгЁЯд╖ЁЯд╖ЁЯд╖ЁЯд╖ЁЯд╖ЁЯд╖ЁЯд╖ЁЯджЁЯджЁЯджЁЯджЁЯдж"
257,"@Micromax__India Koi badi muraad agar sapne mein dikh jaye to uske liye try karne ka na?
IN1 mobile pasand ho to contest mein part lene ka naтАж

#GullyBoy #IN1 #INMobiles #INdiaKeLiye"
258,@Magroordevi_1 Ni sony k bad mobile use kr raha hun
259,"RT @aajtak: Samsung рдХреЗ 3 рдирдП рд╕реНрдорд╛рд░реНрдЯрдлреЛрдиреНрд╕ рд▓реЙрдиреНрдЪ, рдЬрд╛рдиреЗрдВ рдЗрдирдореЗрдВ рдХреНрдпрд╛ рд╣реИ рдЦрд╛рд╕ 

https://t.co/2rdXRjAXFA"
260,"Samsung рдХреЗ 3 рдирдП рд╕реНрдорд╛рд░реНрдЯрдлреЛрдиреНрд╕ рд▓реЙрдиреНрдЪ, рдЬрд╛рдиреЗрдВ рдЗрдирдореЗрдВ рдХреНрдпрд╛ рд╣реИ рдЦрд╛рд╕ 

https://t.co/2rdXRjAXFA"
261,"RT @kaviyarani1: Galaxy M12: 90Hz рдбрд┐рд╕реНрдкреНрд▓реЗ, 48MP рдХреИрдорд░рд╛, 6000mAh рдмреИрдЯрд░реА, рдХреАрдордд 10,999, рдЖрдЬ рдкрд╣рд▓реА рд╕реЗрд▓... via @aajtak https://t.co/K8Vf6gxCz7"
262,"@TechnicalGuruji @YouTubeIndia Thanks sir ji. Samsung ki mobile jo pahle bahot mahanga aata tha. Lekin ab jab redmi, realmi jaise phone ne in sabhi phone ka dam gira/kam kar diya hi. App aise hi video banate rhe aur swasth rhe. 

Nameste sir ji"
263,"Galaxy M12: 90Hz рдбрд┐рд╕реНрдкреНрд▓реЗ, 48MP рдХреИрдорд░рд╛, 6000mAh рдмреИрдЯрд░реА, рдХреАрдордд 10,999, рдЖрдЬ рдкрд╣рд▓реА рд╕реЗрд▓... via @aajtak https://t.co/K8Vf6gxCz7"
264,"Samsung рдХреЗ рдЗрд╕ рдирдП рд╕реНрдорд╛рд░реНрдЯрдлреЛрди рдХреЛ рдЦрд░реАрджрдиреЗ рдХрд╛ рдореМрдХрд╛ рдЖрдЬ, рд╢реБрд░реБрдЖрддреА рдХреАрдордд 10,999 рд░реБрдкрдпреЗ 

https://t.co/PzBPAMKPRs"
265,Bara bura mobile nikaala hai wese samsung ne naya. Zra crush nahi hua
266,@iamrealbithi Samsung ka old mobile hai ghar mai to try karo.. Link ho jate hai account easily.. Old wale bhi
267,@Samsung_Ghana Sir ji maine samsung ka s10 mobile kharida tha jiska mother bord 1 saal me hi kharab ho chuka he company se kisi bhi parkar ki sahayta nahi he
268,@5fatima72 Yar aps ki bat hye main ne jb 1st time mobile ka kaha muje bhot kaha gya i phone le kr dete hain or main ne us ka button ni hota muje Samsung chaye ЁЯШВ
269,@_intupintu Hahaha han apne kisi samsung main rakh k dena bomb us mobile ki yahi auqaat hai :p
270,"рдЖ рд░рд╣реЗ рд╕реИрдорд╕рдВрдЧ рдХреЗ рджреЛ рдзрд╛рдВрд╕реВ рд╕реНрдорд╛рд░реНрдЯрдлреЛрди, рдЬрд╛рдиреЗрдВ рдХрд┐рддрдиреА рд╣реЛрдЧреА рдХреАрдордд...

@SamsungMobile
@SamsungIndia
#SamsungUnpacked
#GalaxyA52
#galaxyA72

https://t.co/Gz7stbTZSD"
271,7 рд╣рдЬрд╝рд╛рд░ рд░реБрдкрдпреЗ рд╕рд╕реНрддрд╛ рд╣реБрдЖ Samsung рдХрд╛ рдЧреИрд▓реЗрдХреНрд╕реА F62 рд╕реНрдорд╛рд░реНрдЯрдлреЛрди  news in hindi https://t.co/5YulEILHEk
272,"рдирд╣реАрдВ рд▓реЙрдиреНрдЪ рд╣реЛрдЧрд╛ рд╕реИрдорд╕рдВрдЧ рдХрд╛ рдпреЗ рдзрд╛рдВрд╕реВ рд╕реНрдорд╛рд░реНрдЯрдлреЛрди, рдХрдВрдкрдиреА рдХреЗ рд╕реАрдИрдУ рдиреЗ рдХрд┐рдпрд╛ рдЦреБрд▓рд╛рд╕рд╛ 

@SamsungMobile 
@SamsungIndia 
#Samsung 

https://t.co/zQOGC9RHaj"
273,"yah @SamsungMobile @YouTubeIndia our @Google ka kya Gathbandhan Hai samajh Nahin Aata Yeh aid dikha dikha Kar Itna irritate kar dete Hain Ki dimag kharab ho jata hai Samsung mobile Lekar Mein To pachta hi raha hun lekin jo Lene Wale Hain vah Na Le to behtar hai
@SamsungIndia"
274,"RT @md_nadeem__07: *~┬етЭдя╕П рдЖрдЬрдХрд▓ЁЯШ╗ рдХреЗЁЯСл рд▓рдбрд╝рдХрд┐рдпрд╛ рднреА ЁЯТФsamsung ЁЯУ▒ рдХреЗ  ЁЯТМmobile рдХреАЁЯТН рддрд░рд╣рд╛ЁЯМО ЁЯФе рд╣реЛрдЧрд╛рдПтЩея╕П┬е~*

*~┬еЁЯЩЙрдмрд╛рдд ЁЯФЭрдмрд╛рдд  ЁЯЩМ рдкрд░ ЁЯШ╗hangЁЯе░ рд╣реЛрдЬрд╛рддреЗЁЯШВЁЯЦРя╕П┬е~*"
275,"*~┬етЭдя╕П рдЖрдЬрдХрд▓ЁЯШ╗ рдХреЗЁЯСл рд▓рдбрд╝рдХрд┐рдпрд╛ рднреА ЁЯТФsamsung ЁЯУ▒ рдХреЗ  ЁЯТМmobile рдХреАЁЯТН рддрд░рд╣рд╛ЁЯМО ЁЯФе рд╣реЛрдЧрд╛рдПтЩея╕П┬е~*

*~┬еЁЯЩЙрдмрд╛рдд ЁЯФЭрдмрд╛рдд  ЁЯЩМ рдкрд░ ЁЯШ╗hangЁЯе░ рд╣реЛрдЬрд╛рддреЗЁЯШВЁЯЦРя╕П┬е~*"
276,"@Underpaidbankr @rt_apolitical @LicypriyaK Duniya ka sara cheez jeans shirt mobile laptop shoes Bike Car l tm private company se kharidtey ho Wo v International brand deshi v nai Jaise Lee Nike Apple Ford lekin Naukri en Nikammo ko Sarkari he chahiye
Private se itna allergy hai toh Twitter v private hai bhag yahn se"
277,"рд╣рд┐рдВрджреА рдкрддреНрд░рдХрд╛рд░реЛрдВ рдХреЗ рдкрддреЗ рднреЗрдЬ рджреЗрдВ

рд╕рд╛рд╣рд┐рддреНрдп рд╡рд┐рдорд░реНрд╢ рдХрд╛ рдорд╛рд░реНрдЪ рдЕрдВрдХ 
рджрд▓рд┐рдд рдХрдерд╛ рд╡рд┐рд╢реЗрд╖рд╛рдВрдХ рд╣реИ 
рдЙрд╕рдХреА рдкреНрд░рддрд┐ рдордВрдЧрд╡рд╛рдиреЗрдВ рдХреЗ рд▓рд┐рдП рдЕрдкрдирд╛ рдкреВрд░рд╛ рдкрддрд╛ 
eddpb17@ https://t.co/8r8wtu3V0U par bhejen
Mobile no 
Email id bhi likh bhejen"
278,"@ashok_tanwar1 @pushpotma @tansukhrai1 @MUAZZAM1439 рдореЗрд░реЗ рднрд╛рдИ, рдпреЛрдЧреА рд╕рд░рдХрд╛рд░ рдиреЗ рдЕрдкрд░рд╛рдзрд┐рдпреЛрдВ рдХреЛ рдирд╣реАрдВ, рдмрд▓реНрдХрд┐ рд╕рддреНрддрд╛ рдХрд╛ рджреБрд░реБрдкрдпреЛрдЧ рдХрд░рдХреЗ рдЕрдкрдиреЗ рд╡рд┐рд░реЛрдзрд┐рдпреЛрдВ рдХрд╛ рдлрд░реНрдЬреА рдПрдВрдХрд╛рдЙрдВрдЯрд░ рд░рд╣реА рд╣реИ !!

1)https://t.co/766lGs8shj

2)https://t.co/OXYQv0ySBZ

3)https://t.co/XQDzzEWgOa

4)https://t.co/qJwa0hgBQx"
279,"рдЕрдЧрд░ рдЖрдк рд╕рд░рдХрд╛рд░реА рдиреМрдХрд░реА рдЦреЛрдЬ рд░рд╣реЗ рд╣реИ - рддреЛ рдпреЗ FREE Mobile APP рдЖрдкрдХреЗ рд▓рд┐рдП рд╣реА рд╣реИ
рд╕рд░рдХрд╛рд░реА рдиреМрдХрд░реА рдХреЗ рдлреЙрд░реНрдо рдХреА рдЬрд╛рдирдХрд╛рд░реА рдФрд░ Apply Online Link
рдбрд╛рдЙрдирд▓реЛрдб рдХрд░реЗ - Google Play рдкрд░
https://t.co/UJ5zcElfAG"
280,"рдЕрдкрдиреЗ рд╢рд╣рд░ рдХреА рддрд░реЛ рддрд╛рдЬрд╝рд╛ рдЦрдмрд░реЗрдВ рдкрдврд╝рдиреЗ рдХреЗ рд▓рд┐рдП рдбрд╛рдЙрдирд▓реЛрдб рдХрд░реЗрдВ рд╕рдВрдЬреАрд╡рдиреА рдЯреБрдбреЗ рдРрдк https://t.co/2pc2Z8DdvT

https://t.co/6AapTP7Kym"
281,"RT @kisan_mail: рдЪрд╛рдп рд╕реЗ рд▓реЗрдХрд░,рдХрд┐рд░рд╛рдиреЗ рдХреА рджреБрдХрд╛рди рддрдХ рдХреЛ рдбрд┐рдЬрд┐рдЯрд▓ рдХрд░реЗрдВ KisanMail рдХреЗ рд╕рд╛рдеред
рдЕрдм рдЕрдкрдиреЗ рдирдЬрд╝рджреАрдХреА рджреВрдХрд╛рдиреЛрдВ рдХреЛ рдЦреЛрдЬрдирд╛ рд╣реБрдЖ рдЖрд╕рд╛рдиред
рдбрд┐рдЬрд┐рдЯрд▓ рднрд╛рд░рдд рдХрд╛тАж"
282,"@basiitzargar https://t.co/nHRVvpudFm
рд╕рд╛рд░реЗрдЧрд╛рдорд╛ рдХрд░рд╡рд╛"
283,@Google sir kuchh din pahle maine apne mobile ko reset Kiya tha uske baad se mera gmail account prakashmehta090@gmail.com open nahin Ho Raha hai jabki mere mobile number per OTP ataa hai phir bhi mera gmail account prakashmehta090@gmail.com activat nahi ho raha hai.
0,"@Flipkart mene 1 mobile flipcart se odar kiya h or wo chal nahi raha h customer ko call kiya koi response nahi mila plz help me 
Mene Motorola g9 power liya h uski screen kaam nahi kr rahi h"
