,Generated Text
0,": The global automotive constant velocity joint market is segmented into North America, Europe, Asia-Pacific and Rest of the World"
1,"Veterinary vaccines market can be segmented into attenuated, inactivated, conjugate, subunit and recombinant DNA"
2,: Global Gene editing Market – Overview Gene editing is bimolecular technique for targeted genetic modification of DNA
3,Prime Minister Narendra Modi spoke to Netanyahu over phone to condemn COVID-19 pandemic
4,seeks to restrain Kishore Biyani-led Future Retail Ltd from taking FRL's retail assets
5,: Sitharaman's budget to extend interest deduction for home buyers and tax holidays
6,to set up asset reconstruction company and asset management company to clean up non-performing assets in banking sector
7,: ECB governing council member warns investors they may lose everything investing in bitcoin: Makhlouf
8,"Diabetes during pregnancy linked to heart disease risk New York, Feb 1 : Study suggests diabetes during pregnancy increases risk of heart disease risk"
9,Hansal Mehta on 'Simran' row: Apurva Asrani on 'Simran' row: Apurva Asrani on 'Simran' row
10,Twitter suspends accounts of celebrities and organisations for spreading misinformation during farmers' tractor rally in Delhi
11,: Finance Minister Nirmala Sitharaman presents Union Budget for FY 2021-22 to push growth of India
12,": Customers can shop online for latest, budget-friendly smartphones on No Cost EMI from Bajaj Finserv EMI Store Pune (Maharashtra), Feb 01, 2021 Shop online for latest, budget-friendly smartphones on No Cost EMI from Bajaj Finserv"
13,Sonalika Tractors introduces Sikander DLX Potato Special Edition Series for potato farmers
14,: India’s policy pragmatism has benefitted 800 million Chinese farmers directly resulting in the biggest human income upgrade
15,to increase customs duty on auto parts to 15 per cent with effect from February 2: Finance Minister
16,to increase foreign capital expenditures in FY22 from 4.12 trillion budgeted in FY21
17,CEO of NaturalShrimp’s new ribbon cutting facility in Iowa: Newspaper Coverage
18,'s Patrick van Aanholt is good enough for Arsenal: Roy Hodgson
19,"to hike farm credit target to?16.5 lakh crore, agri and food companies hailed hike in agricultural credit target to?16.5 lakh crore"
20,Chris Richards joins Hoffenheim from Bayern Munich on loan deal with Chris Richards from Bayern
21,"announces formation of AEGIS Advisory Partners, LLC (AEGIS) Advisory Partners, LLC (AEGIS)"
22,: Housing CEO Dhruv Agarwala says real estate industry's long-standing demand to expand definition of affordable housing to include homes priced above 45 lakhs in big metro cities has sadly not been addressed
23,: India's Global Beverage Cans Market to reach USD 36.59 Billion by 2027
24,": ACNB Corporation Announces First Quarter Cash Dividend GlobeNewswire2021-02-01 GETTYSBURG, Pa., Feb. 01, 2021 -- ACNB Corporation announces quarterly cash dividend"
25,"to hike farm credit target to?16.5 lakh crore, agri and food companies hailed hike in agricultural credit target to?16.5 lakh crore"
26,Bhupesh Baghel wants to create new Dantewada for which government works on job creation: Baghel
27,"a big, big momentum changer for us: ESPN's LIVE blog: Ole Gunnar Solskjaer ruled out signings on transfer deadline day"
28,to increase FDI limit in Insurance sector from 49% to 74%: Finance Minister Nirmala Sitharaman
29,InPost SA has clinched a five-year deal with Amazon Inc. as U.S. giant enters Poland’s revved up $19 billion e-commerce market
30,were given a half dose due to a measuring mistake: Oxford professor Pollard spokesman
31,Rajib Banerjee resigned from primary membership of TMC and joined BJP
32,: Finance Minister Nirmala Sitharaman announces some tweaks in income tax rules in Budget 2021
33,: PM Modi: India will deploy all its resources to find and punish perpetrators in Delhi
34,"J&K Cong to intensify protests against “Tax Terrorism” 24 Feb 2021 | 9:59 PM Lucknow, Feb 24(UNI) UP govt was corrupt: UP govt govt a corrupt one: UP govt govt govt govt a corrupt one: UP govt govt govt govt govt govt govt govt govt govt govt"
35,MUMBAI: Benchmark equity indices soared over 5% each as investors relieved that Finance Minister Nirmala Sitharaman did not raise taxes in Union Budget for 2021-22
36,Reddit users slammed dotcom bubble after Reddit forum users banded together to drive price from $17.25 a share to $325 a share
37,"to Lead Sales Organization GlobeNewswire2021-02-01 SEATTLE, Feb. 01, 2021 -- 2nd Watch appointed Chris Whaley to Vice President, Cloud Solutions Sales"
38,Citroen has unveiled its India-specific C5 Aircross SUV at Citroen’s Tamil Nadu facility
39,Agriculture Minister welcomes Union Budget for 2021-22: Agriculture Minister welcomes budget for 2021-22
40,of major holdings NOTIFICATION OF MAJOR HOLDINGS (to be sent to the FCA in Microsoft Word format if possible)i 1a. Identification of the issuer or the underlying issuer of existing shares
41,": Let’s eliminate one thing: Let’s eliminate one thing: You won’t agree with every selection from TBEN Top 100 list: You won’t agree with Charles Hoskinson, Charles Hoskinson"
42,DeAndre Yedlin joins Galatasaray on free transfer from Newcastle
43,SMS marketing software is a tool that enables companies to plan and implement marketing campaigns via SMS
44,"Progressive Care completes Expansion, launches COVID-19 Rapid Testing at New Orlando location NewMediaWire2021-02-01 MIAMI, FL - (NewMediaWire) - Progressive Care Inc. announces COVID-19 Rapid Testing at New Orlando location"
45,HP Inc. Names Jami Miscik to HP Board of Directors GlobeNewswire2021-02-01 HP Inc. names Jami Miscik to Board of Directors
46,": An analysis of 1,000 women found a history of gestational diabetes doubled risk of heart disease in women with a history of diabetes during pregnancy"
47,"-based Fintech company IPSIPayTM announces Agency agreement with Golden Money Transfer, Inc."
48,: I don’t want a captain: I don’t want a captain: I don’t want a captain: I don’t want a captain: I don’t want a captain: I don’t want a captain: I don’t want a captain: I’m not going to attract a straight line between absence of a captain and Dust-Up
49,: Traders and retailers disappointed as budget could not give relief to organised sector: Federation of All India
50,"MC aims to earn around?150 crore under capital head and?1,184 crore under revenue head"
51,appoints a bad bank to privatise public sector banks: Budget proposes setting up a bad bank
52,": 'AAROGYAM C package’ includes 64 parameters like LIPID Profile (8), Thyroid, profile (3), Complete Hemogram (24), Kidney Profile (5), Kidney Profile (5), Kidney Profile (5), Liver Profile (11), Vitamin Profile (2), Diabetes Profile (2), Cardiac Risk Markers (5) at a cost of Rs 1300 till February 28"
53,"to increase demand for affordable housing, rental housing: Reports from Union Budget 2021 on DH"
54,"50,000 crore to be created for research institutions across 9 cities in India: Finance Minister Nirmala Sitharaman"
55,:BBS- Bioactive Bone Substitutes Plc's patent application for ARTEBONE® Paste works clinically as well as human autograft
56,to learn startups: Finance Minister Nirmala Sitharaman: Finance minister proposes a new definition of a small firm
57,JetBlue’s new Airbus A321LR will feature 24 private suites with a sliding door for each guest
58,D-19 vaccine trial results boosted Wall Street's main indexes for a higher open on Monday
59,to learn something new with Mashable’s series I learned it on the internet: Hola Papi!
60,Silver broke above US $ 30 an ounce for the first time since 2013 on Monday as retail traders broke into metal after betting billions of dollars in stocks last week
61,"Amad Diallo, Morgan Sanson and Said Benrahma Major transfers in Europe's top soccer leagues during January transfer window: Amad Diallo, Morgan Sanson and Said Benrahma Major transfers in Europe's top soccer leagues during January transfer window: Amad Diallo, Morgan Sanson and Said Benrahma Major transfers in Europe's top soccer leagues during January transfer window"
62,:BBS- Bioactive Bone Substitutes Plc's patent application for ARTEBONE® Paste works clinically as well as human autograft
63,"announces new Centre-sponsored scheme with outlay of?64,180 crore to boost healthcare infrastructure"
64,Mangalore Refinery and Petrochemicals Ltd (MRPL) recorded a loss of 71 crore during the third quarter of 2020-21
65,": Finance Minister Nirmala Sitharaman: ''I am providing enhanced outlay of?1,18,101 lakh crore for highways sector"
66,Ethiopia’s Eurobonds plunged the most on record last week after State Minister Tekalign said the government will seek to restructure external debt under Group of 20 debt-suspension program
67,: Zelensky on Capitol riots in Ukraine: Zelensky on Capitol riots
68,JITC to provide quality care at an affordable cost: JITC Implementation JITC to empower healthcare providers to avoid financial risks and provide care
69,to allow foreign portfolio investors entry into debt financing of emerging investment vehicles - REITs and InvITs
70,UK marks first COVID vaccine milestone with care home protection UK marks first COVID vaccine milestone with care home protection
71,: Twitter suspends Twitter accounts of celebrities and organisations for spam during farmers’ tractor rally in Delhi
72,": Timberland Bancorp, Inc. adopts new stock repurchase program under new stock repurchase program"
73,": Grand View Research, Inc. – Market Research And Consulting: Tahini is a condiment originating from the Middle East that can be integrated in a number of food items"
74,Low BP Risk in Older Adults:
75,
76,
77,Mrs Bectors Food Specialities                                                    Mrs Bectors
78,2007
79,
80,
81,.
82,
83,
84,
85,CBIC
86,
87,New Fund Offer
88,
89,2020
90,Ads
91,: Uber India through Mediawire : General
92,
93,2020
94,
95,ITR
96,
97,
98,
99,IDFC
100,
101,
102,Photo: Getty Images of Getty Images of Getty Images of Getty Images of Getty Images
103,.
104,Ads
105,
106,
107,
108,(Punjab National Bank)
109,
110,
111,to invest in select Equity schemes of HDFC Mutual Fund WF: What is your FlexIndex Plan and how does it differ from trigger options that fund houses offer?
112,PM Kisan Yojana  7
113,
114,
115,
116,Z6  Z6  Z7  Z7  Z7  Z7
117,
118,Car Loan
119,FASTag         FASTag                FASTag                  FASTag
120,
121,
122,Yono App
123,
124,
125,
126,
127,
128,
129,
130,5500                     5500
131,RCB score highest score in Kohli’s captaincy:- 23 Apr 2013 – RCB score highest score in Kohli’s captaincy
132,
133,
134,
135,
136,
137,
138,
139,
140,
141,(Dual Airbags)
142,
143,
144,
145,
146,
147,
148,features 'Unlock with Apple Watch' feature that Apple started rolling out earlier this week
149,Poco M3 is powered by the Snapdragon 662 Snapdragon 662 chipset and comes with 6GB of LPDDR4X RAM
150,"Samsung India launches Galaxy M02 with a large 5000mAh battery, good camera and large screen starting from Rs 6,999 (2GB+32GB variant) in India"
151,: Sony PlayStation 5 review: Most Futuristic Design The Sony PlayStation 5 is so addictive that I spent most of my free time playing enough games to come up with the review
152,MediaTek’s new M80 5G modem combines mmWave and sub-6 GHz 5G technologies onto a single chip
153,"Itel A47 comes with a 5.5-inch (13.97cm) HD+ FullScreen display, curved edges, dual security features and a bigger battery"
154,: Google Stadia VP and general manager Phil Harrison announced Google Stadia Games and Entertainment (SG&E) development team in SG&E
155,Smart 5 will be powered by a massive 6000mAh battery and 6.82” display
156,"features a 1.1-inch, 126294 pixel AMOLED touchscreen display"
157,MediaTek’s new M80 5G modem combines mmWave and sub-6 GHz 5G technologies onto a single chip
158,Samsung Galaxy S20 FE 5G could retain 95 percent of the same features as the 4G variant
159,"Google to shut down its in-house Stadia game development division, as it sees a great adoption of its technology"
160,Xiaomi’s flagship cellular A telephone may be given a punch-hole digicam
161,OnePlus Nord N10 5G will come with a 3.8mm punch-hole positioned at the upper-left corner
162,"Poco M3 smartphone will have a 6.53 inch full HD + display, which is 1,0802,340 pixels"
163,Poco X3 Pro could be a mid-range phone with a quad-camera setup
164,: The Amkette Evo Fox Game Box can deliver Android gaming that you can enjoy on your TV rather than looking down into your phone: News18 Amkette Evo Fox Game Box
165,"is topping the charts of trending smartphones: Galaxy S21 Ultra 5G, Sony Xperia Pro, Mi 11, Motorola Edge S And More Features oi-Harish Kumar We are about to enter another month of 2021 and still the already unveiled Samsung flagship smartphone - the Galaxy S21 Ultra 5G Key Specs 6.81-inch (32001440 pixels) Quad HD+ AMOLED 120Hz Display Octa Core Exynos 2100/Snapdragon 888 Processor 12/16GB"
166,include the OnePlus 7T series and the OnePlus 7T Series Final OxygenOS 10 Stable Update Official Changelog System 1. Updated Android Security Patch to 2021.01 2. Updated GMS package to 2020
167,and small businesses can benefit from the new PIXMA G Series Ink Tank Printers for home and small businesses
168,orders Ahmed Omar Saeed Sheikh's release from death cell to a government rest house
169,Poco M3 was launched in the United States at the end of last year with a price starting at $149
170,"Xiaomi Mi 11 Pro has a size of 6.81 inches across, which makes it one of Xiaomi's biggest smartphones"
171,Vivo X60 Pro Plus could be launched in India within months of its introduction in January
172,"Infinix Smart 5 comes in four colours variants: Morandi Green, 6 degree Purple, Aegean Blue and Obsidian Black"
173,Nokia 5.4
174,Realme X7 Pro 5G Smartphone Launch India Today News And Updates Price In India Full Specifications Features Ads                                            X7 Pro 5G X
175,"KG) 69342 -0.81 % GOLD(MCX 10 GM) 46621 -0.19 % Business News Tech auto Tecno Pova Smartphone Teased On Flipkart, India Launch On December 4 Ads"
176,
177,
178,copyright reserved to Source link link: Source link to Source link link: Source link to Source link
179,
180,"Samsung Galaxy F62 is currently available at a price of Rs 15,499. Flipkart is offering discount on some bank cards as well. This is one of the best smartphones with 6000mAh battery with price under Rs 15,499."
181,Samsung Galaxy A52 5G: -
182,
183,X50  (Vivo X50 Series)
184,"5000mAh Battery 64MP quad rear camera 5G smartphone Motorola Edge S gets impressive response in first sale: February 3, 2021 1:50 PM IST Published on: February 3, 2021 1:50 PM IST Published on: February 3, 2021 1:50 PM IST"
185,Amazon Fab Phone fest Sale  20%                    Amazon Fab Phone fest Sale  20%
186,Smartphone On Amazon        Smartphone On Amazon          Smartphone On Amazon            Smartphone On Amazon             Smartphone On Amazon
187,
188,Vivo Mobile
189,Infinix Zero 8i Full Specifications Full Specs Full Specs Full Specs Full Specs Full Specs Full Specs Full Specs            Infinix Zero 8i         Infinix Zero 8i
190,
191,Mi 10i vs Moto G 5G Specifications:
192,Motorola Moto G 5G      Moto G9 Power  Moto G9 Power  Moto G 5G              Moto G 5G  Moto G9 Power  Moto G9 Power  Moto G9 Power  Moto G9 Power             Moto G 5G
193,
194,OnePlus Nord                                   OnePlus Nord               OnePlus Nord
195,Edge+ is launching tomorrow with the largest battery of any 5G smartphone! Gear up to experience #AbsoluteEverything
196,
197,2019
198,"Youtube channel ke subscriber ko hide krne ke fayde Youtube Channel Ke Subscriber Ko Hide or Unhide Kaise Kare January 12, 2020 by G.L. Gurjar.."
199,Black Friday or Cyber Monday deals me paise bachaye to kahi na kahi se aapne Black Friday or Cyber Monday deals me paise bachaye to kahi na kahi se aapne Black Friday or Cyber Monday deals me paise bachaye
200,RozDhan App se PayTM kamaye hai ware me karke PayTM Cash kama sakte hai
201,ke liye in steps ko follow karo “Find My Phone” mobile ka pata lagana aasan ho jaye. #1. Sabse phele Google.com par jao fir usme type karo “Find My Phone” ke liye in steps ko follow karo “Find My Phone” ke liye in steps ko follow karo “Find My Phone
202,aap Mobile se Blog Post Kaise Publish kare Mobile se Blog Post Kaise Publish kare Mobile se Blog Post Kaise Publish kare Mobile se Blog Post Kaise Publish kare Mobile se blog post kaise Publish kare 1. Mobile App se post kaise Publish kare Mobile se blog post kaise Publish kare i.a) Bloggeroid App 2. Mobile Browser Se Post aese me bhut log a
203,Mobile Se Free Calling Kaise Kare kisi bhi Number Par Mobile Se Free Calling Kaise Kare kisi bhi Number Par Mobile Se Free Calling Kaise Kare kisi bhi Number Par Mobile Se Free Calling Kaise Kare kisi bhi Number Par Mobile Se Free Calling Kaise Kare kisi bhi Number Par Mobile Se Free Calling Kaise Kare kisi bhi Number
204,ke baad kya kya karna hota hai to chaliye Start krte he or logo ki Help karni he to chaliye Start krte he to chaliye Start krte he to chaliye Start krte he to chaliye Start krte he to apne Blog Banane ke Baa
205,Blog kaise banaye wo janne se pehle thoda ye jaan lete hai Blog kaise banaye agar aap janna chahte hai to aap bilkul sahi website par aap kya hai
206,"True Balance Kya Hai True Balance App me True Balance App me True Balance App me True Balance App me True Balance App me True Balance App me True Balance App me App Download karke paise kamane ka tarika #5: CashBack se Turebalance me kahu ki aapko ek bhut hi interesting Android App ke ware me batane wala hu, Agar aapko ek bhut hi"
207,krne wale hain jinke bare me hm aaj ke es post me bat krne wale hain ke apne blog ya websites ke SEO tips in Hindi (2020) Top 10 SEO Tips in Hindi (2020) Top 10 SEO Tips in Hindi (2020) Top 10 SEO Tips in Hindi (2020) Top 10 SEO Tips in Hindi (2020) Top 10 SEO Tips in Hindi (2020)
208,"Infinix Smart 5 has a selfie camera in the dewdrop notch, along with a big earpiece just above it"
209,A Samsung Galaxy Note 9 caught fire in a woman's purse in New York: Report
210,up of Pixel 3 and 3XL owners reported battery swelling in Pixel 3 and 3XL owners
211,", Realme 5 caught fire while it was in the user's pocket, report says Amit Rathi"
212,can spoil Apple's iOS 14 software upgrade: Here we'll explain the top iOS 14 problems along with any fixes for iOS 14 bugs
213,have reported battery drain issues after iOS 14.2 in November. Apple users updating iPhones to iOS 14.2 are facing battery drain issues
214,"Samsung Galaxy M31 bricked while installing the new software update, users reported similar issues on Twitter"
215,Samsung Galaxy S20 handsets that were launched in February seem to have landed in trouble: Several users on social media have claimed their Samsung Galaxy S20 units were replaced
216,Samsung’s just launched Galaxy S20 FE is reportedly giving some grief to users who have bought it
217,: Forum admin to Motorola Edge+ to fix smudging issue on Motorola Edge+
218,"Motorola Edge+ could be announced in late July Fortunately, the Motorola Forum admin has reached out to all these Motorola Edge+ users"
219,Airtel India confirms Mi & Redmi devices encounter continuous rebooting issue with Xiaomi phones
220,"Xiaomi confirms issue due to the Airtel Thanks app causing the issue to Mi, Redmi, and Poco users"
221,"at 13,990 rupees. Why should you pay 8000 more rupees for Oppo and Vivo phones? I think the problem with Oppo and Vivo phones is the price to performance ratio"
222,@LloydsBank how do I report scam on my account when I don't do internet banking or telephone banking?
223,RT @IAmErAijaz: I have been denied security in Jammu by Security agencies in Jammu
224,"@FPLProp @Gooner_fpl I think Salah could be rested for City game, if we're doing well against Brighton."
225,Bayern Munich loanee Chris Richards to Hoffenheim until the end of the season https://t.co/XqJdg2DFhW: OFFICIAL: Bayern Munich loanee Chris Richards to Hoffenheim until the end of the season
226,"RT @TimInHonolulu: 5. So far, three 2016/2022 cycle GOP on the cusp: @SenatorBurr @SenToomey @SenToomey @Robportman"
227,RT @kaykmtz: No one thought to make restaurant workers eligible for vaccine before they opened outdoor dinning back up: This workers are literally putting their life at risk serving these unmasked people
228,"RT @HealthyDorset: Bending rules puts you, your loved ones at risk: RT @HealthyDorset: Bending rules puts you, your loved ones and your wider community at risk: http://t.co/WAmjkXFp9o"
229,"RT @apoorva_nyc: Why we need to vaccinate people, not just richer countries: The more the virus spreads, the longer it takes to vaccinate people, the greater chance it has to continue to mutate: RT @apoorva_nyc: Why we need to vaccinate people, the greater chance it has to continue to mutate: RT @apoorva_nyc: Why we need to vaccinate people, the more"
230,RT @AlArabiya_Eng: An outbreak of #Nipah virus in China could potentially be next big pandemic risk with giant pharmaceutical companies unprepared
231,RT @midwestern_ope @midwestern_ope: How seasons work in Midwest: Jan - Cold Feb - Bitterly Cold Mar - Potholes from hell Apr - Cold with Rain May -  Jun - Mosquitoes Jul - instant sweat Aug - Surface of the sun Sep - Tiny Black Bugs Oct - Bonfires Nov - Winter Preview Dec - Cold Feb - Cold Feb - Cold Feb - Cold Feb - Cold Feb -
232,@leicesterliz you have forgotten that many school staff live with partners over 50. My OH is 60. Are you suggesting my 24yo colleague is vaccinated before my OH?
233,RT @ewarren: Canceling student loan debt would immediately put money in millions of Americans: RT @ewarren
234,QT @AfricanCurators: Sigh ; An outbreak of Nipah virus in China could potentially be next big pandemic risk: Access to Medicine Foundation
235,"@UEFA fenerbahçe's debt was 3,200,000,000 TL in October 2020: fenerbahçe's debt is 4,719,000,000 TL"
236,"Kabak from Schalke to Liverpool, here we go! RT @FabrizioRomano: More about Kabak"
237,I do not care. I do not care. I do not care. I do not care. I do not care. I do not care. I do not care. I do not care. I do not care. I do not care. I do not care. I do not care. I do not care. I do not care. I do not care. I do not care. I do not care. I do not care. I do not care. I do not care. I do not care. I do not care. I do not
238,Daryl Dike made Orlando's MLS debut in Charlottesville a year ago: QT @ZachLowy: Sometimes you just know.. Sometimes you just know.. Saw Dike's debut for Orlando on TV: QT @ZachLowy: Sometimes you just know.. Sometimes you just know.. Saw Dike's debut for Orlando on TV
239,RT @SwampWatching: @RealTina40 He’s paused student loan payments including interest until Sept 30th
240,"@N9999Z Just making hyperbole and commenting on the systemic risk at large, don't take it personally, don't take it personally."
241,RT @MarkyMBryans: Understand Joe Willock to Newcastle is a loan move now very much looking like it could happen before the close of play
242,"@ItCorbyn @JuliaHB1 More performative rage from @Talkradio she might think her audience are dumb enough to put families at risk, but she sure wont risk hers"
243,QT @ewarren: Passing all executive orders except for this one ; Passing all executive orders except for this one ; Passing all executive orders except for this one ; Canceling student loan debt would immediately put money in pockets of millions of Americans
244,@spuddy1878 @ATNCAST Still very thin up front which could really cost us. It's taking a big risk.
245,students who are acting responsibly and helping us mitigate risk of virus transmission by following one-way directional markers in hallways
246,"RT @LozzaFox: We must challenge lockdown extremism. We pay for a government to protect our rights, not remove them: RT @LozzaFox: We must challenge lockdown extremism: We must challenge lockdown extremism: We must challenge lockdown extremism"
247,"@APompliano Hey bud. In case you haven't heard (which I'm sure you have) Hex is a high interest savings account on the blockchain that you, the investor, have COMPLETE CONTROL OVER :)"
248,s life intentionally kills mother’s life intentionally kills mother’s life intentionally kills mother’s life
249,"@AngryInAGoodWay: @mtgreenee Anyone can be forgiven, it won’t save you from criminal liability, it won’t save you from criminal liability, it won’t save you from criminal liability, it won’t save you from criminal liability."
250,FatEmperor: Sweden is OLD NORMAL at the moment. Smart guys: Sweden is OLD NORMAL at the moment. Swedish killing fields Land where politicians know what balanced risk assessment is.
251,West Brom agree deal to sign Ainsley Maitland-Niles on loan until end of season
252,West Brom agree deal to take Ainsley Maitland-Niles on loan from Arsenal
253,"RT @joseph_arruda: @thehill @PressSec The answer is no, because he's a damn security risk, because he's a damn security risk, RT @joseph_arruda"
254,QT @farawe_kehinde: Liability  ; @istolethetweet Yes and I'll be a stay at home husband.
255,3 (If you're a Chicago teacher: LAWYER UP: LAWYER UP) Parents are literally the only people not being put at risk by this: Students & teachers
256,RT @SoulCity_SA: Why doesn’t everyone use condoms? RT @SoulCity_SA: Why doesn’t everyone use condoms? RT @BWiseHealth busts some myths about condoms
257,RT @HHSGov: Are you wearing your #mask correctly? Are you wearing your #mask correctly? Are you wearing your #mask correctly?
258,*Blood group:* AB--Ve /A---ve / B--Ve *Patient's Disease* Risk of going into a coma: *Contact No.03038897106(Attendant: @BDonorsPakistan @BDSPOfficial @KiranMa17528987: *Blood group:* AB--Ve /A---ve / B--Ve
259,I’ve taken to saying risk can’t be destroyed nor created but it can be transformed
260,"RT @PatriciaBride: MUST BE TRUE, WHERE ARE TWITTER FRAUD CHECKERS? WHERE ARE TWITTER FRAUD CHECKERS?"
261,"RT @naddylonglegs: 100%. Debt is expensive, even at 0%. Get rid of it as best you can before you think about savings: Money Saving Expert LOL"
262,"RT @TrevorProject: Our brief reviews existing research and data on the association between COVID19 pandemic and suicide risk, including as it relates to suicide risk among LGBTQ youth"
263,Hamza Choudhury stays put at Leicester: QT @RobDorsettSky
264,Morecambe midfielder leaves Morecambe for Accrington Stanley in loan switch for more info visit https://t.co/a9rSnVBb6t https://t.co/giSmPUj6Nb6t https://t.co/giSmPUj6Nb6t https://t.co/giSmPUj6Nb6t https://t.co/giSmPUj6Nb6t https://t.co/g
265,: @Yiza_mbolekwa @Happy36996506 @ConCourtSA Yes like what happened in zimbabwe Stealing white farmers land and the BEE racial system in south africa is not very democratic..the BEE-system classes white people as second class citizens... not even the Chinese wants to loan zimbabawe money anymore
266,RT @AlArabiya_Eng: An outbreak of #Nipah virus in China could potentially be next big pandemic risk with giant pharmaceutical companies unprepared
267,Warum my crush don’t blow me up like Spam Risk blows me up like Spam Risk blows me up like Spam Risk blows me up like Spam Risk blows me up like Spam Risk blows me up like Spam Risk blows me up? Why my crush blows me up like Spam Risk blows me up like Spam Risk blows me up
268,"Nigel Howe: Look, we want to register Ejaria from Liverpool: Nigel Howe"
269,West Brom will have Hale End backline when AMN joins AMN on loan
270,"Eine offensichtliche Wahrheit, mit der nur wenige sind sich einig: Buy #bitcoin today at $34K poses less risk than buying it a year ago: buying #bitcoin at $34K poses less risk than buying it a year ago at $10K"
271,"RT @Svigel: Theology 101: Those who will not help others, unless they can do so without risk to their safety and property, will never help neighbors"
272,@homosexualizer @itsdivyag It literally says DONATE TO A CHARITABLE ORGANIZATION. Right there. Not to individuals. Please stop posting misinformation so people risk jobs.
273,"@chamasoft These Terms and Conditions sound like I, the user, is the loose end or threat to data privacy: I am curious: Who handle the data in your organization, in what encryption, and how can I trust developers?"
274,False Trump uses Over & Over Again Supports Criminal Liability for 1/6 Attack on Capitol
275,@sonarkoor Their International Fazool app called Mpay is not working since morning
276,RT @19keys_: If you take your initial investment and make profit then only risk/invests your profits. You will always be profitable.
277,VJ0iVJ0iVJ0iVJ0iVJ0iVJ0iVJ0iVJ0iVJ0iVJ0iVJ0iVJ0iVJ0iVJ0iVJ0iVJ0iVJ0iVJ0iVJ0iVJ0iVJ0iVJ0iVJ0iVJ0iVJ0iVJ0iVJ0iVJ0i
278,RT @FabrizioRomano: There’s no agreement between Arsenal and Valencia for Reiss Nelson on loan
279,"OP is forcing her to put her health at risk, which if she does catch it she'll have to wash underwear in his washer anyway bc quarantine and the inability to do almost anything while sick"
280,RT @RBReich: Memo to Kyrsten Sinema and Joe Manchin: Supporting the filibuster will backfire. Keep it in place and risk losing your seats in 2024
281,Hypertension High blood pressure Hyperglycemia Obesity Type 2 Diabetes Type 2 Diabetes Type 2 Diabetes
282,I was debted twice in just 1 month for no reason and no justifiable reasons or cause
283,RT @pejames: Ramaphosa: Ramaphosa: We are acutely aware that these restrictions have negatively affected businesses and risk jobs in hospitality industry: Ramaphosa
284,"@neverEnough32 @nyjets It’s a MAJOR game of risk, but one I am exciting to see u fold this offseason."
285,Zech Medley to join Kilmarnock on loan until end of season: RT @sr_collings: #afc In other centre-back news
286,: Join me live via Zoom on Feb 3rd 11am PST/2pm EST The Year Ahead: Radiko Holdings and the Cannabis Industry. $RDKO $GEATF https://t.co/k0eme8tWnS Interested in learning more about #cannabisreform in the new Biden-Harris era? Join me live via Zoom on Feb 3rd 11am PST/2pm EST The Year Ahead: Radiko Holdings and the Cannabis Industry
287,"OCS will be real sad and super surprised if this occurs in Durham's Durham district, I guess I’m sure teachers in Durham will be real sad and super surprised if this occurs in their district"
288,"RT @riddell_marcus: Dad’s had his first dose! Grandma & Grandad; Aunt & Uncle too. When it’s my turn I’ll be there.Our motivation is simple: We want to be together again & biggest risk to that is COVID-19, not the vaccine, which is safe and will save many lives"
289,Callum Hendry on his way to Pittodrie on loan from St Johnstone
290,RT @AngelaRayner: A truly shameful abdication of responsibility from @BorisJohnson and Tory Chair @AngelaRayner: A shameful abdication of responsibility from BorisJohnson
291,Reports on Q2 Financials https://t.co/EHyoGw6dahyoGw6dahyoGw6dahyoGw6dahyoGw6dahyoGw6dahyoGw6dahyoGw6dah DGTL Holdings Inc. Reports on Q2 Financials
292,"RT @FabrizioRomano: Official and here-we-go confirmed. Joshua Zirkzee joins Parma from Bayern Münich on loan with buy option [€15m] and potential 7,5% future sale"
293,: 1.8 million in #Tigray needed food assistance in November. None delivered. In Dec 2.5 million needed food assistance
294,"RT @STPI_FinBlue: “Found in LDN, Access 2 Stable Banking Sys. Regulatory env.,for the bankers to thrive & give a fwd looking ecosystem for wealth Mgmt sys. 2 grow & Coin New Biz Model"
295,cc2 was my least favourite because of the wraiths: i’ve done risk 18 cuz there’s no point in tormenting myself in doing higher
296,: https://t.co/F3flAAVjBF #innovation #entrepreneur https://t.co/9qJbDmAMtJB #innovation #entrepreneur https://t.co/9qJbDmAMtJB #innovation #entrepreneur https://t.co/9qJbDmAMtJB #innovation #entrepreneur https://t.co/9qJbDmAMtJbDmAMtJB #innovation #entrepreneur https://t.co/9
297,RT @TheOfficialSBI:     Doorstep banking                         : https://t.co/m4Od9LofF6 - 1800 1037 188  1800 1213 721 #DoorstepBanking #DSB #
298,#SBI
299,"@singhrameshsin1 ,"
300,RT @sheikh_noushin: @riyu_14 Nhi to bhi potyleena jayengi for sure phir bhi potyleena jayengi for sure phir bhi potyleena jayengi for sure phir bhi potyleena jayengi for sure phir bhi hame risk nhi lena hai vote karte
301,ki bank ki bank ko pata bhi nahi hota ki bank ko pata bhi nahi hota ki paisa kaun se acount me gaya hai yehua hai wo hua hai yehua hai yehua hai yehua hai yehua hai ki bank ki bank ko pata
302,@Abanti64819017 @riyu_14 Nhi to bhi potyleena jayengi for sure phir bhi hame risk nhi lena hai vote karte karte raho #Chubina #Chubina #Chubina #Chubina #Chubina #Chubina #Chubina #Chubina #Chubina #Chubina
303,RT @TheOfficialSBI:     Doorstep banking           : https://t.co/m4Od9LofF6 -  1800 1037 188  1800 1213 721 #DoorstepBanking #DSB #Banking #DSB #Banking #DSB #Banking #DSB #Banking #DSB #Banking
304,KE NOUJAWAN KO AWSAR DENA CJODO IDAR NOUJAWAN FRAUD LOAN APPS KE CHAKKAR MEIN JHUTA DILASA DO VO LOG BHI NAHI MANENGE CAUSE SAB KO PATA CHAL GAYA HAI KYA HAI KYA HAI YE JANTA KO LUTNE WALI GOVERNMENT KARKE HAI KYA HAI YE JANTA
305,@RBIsays @RBI Agar apko proof chahiye to hm dege lekin sir action to lijiye aisi company ke khilaf Jo abhi bhi 15 din Ka hi loan provide Kar rahi hai
306,RBIsays @RBI Kaisi nigrani Rakh rahe hai kissht app wale abhi BHI 15 din Ka hai loan de rahe hai
307,RT @Prabhat18171449:   QRMP     QRMP
308,@himachalslove4 @AlamHashmi @AlamHashmi @jigneshmevani80 Tum apr tumhare modi sarkar jhant na ukhad payegi munhchodi ke alawa kuch nahi hai tumahre logon ke paas
309,@RBIsays @RBI Sir kissht wale to abhi bhi 15 din Ka loan de rahe hai kya Minimum one month to hona hi chahiye sir kissht wale to hona hi chahiye sir kissht wale to abhi bhi 15 din Ka loan de rahe hai kya nhi Diya kya Minimum one month
310,RT @DEVARAJSHRINIV1: @PMO_NaMo @CMofKarnataka @RBI @Jantaki_Aawaz inn chainse loan app ke kilaf itan saboot diye hii logo nai le rahe hii logo ko barbad kiya inn chainse loan app wale.plg inke uppar jald action lijye sir
311,"ICICI : HDFC wins over Kovid-19 scheme loan; PNB, ICICI and SBI lag behind | -19"
312,@PMOIndia @PMOIndia @narendramodi Sir pls help main beti ke ilaaz ko lekar karz liya tha ab us par viyaz lag kar bahut badi amount ho gayi hai pls koi loan nahi de raha kyki hai pls help main beti ke ilaaz ko lekar karz liya
313,#____ We want EWS AGE RELAXATION INCENTRAL GOVERNMENT JOB LIKE SSC RAILWAY AND BANKING @PMOIndia @DoPTGoI @DoPTGoI @DoPTGoI @DoPTGoI @DoPTGoI @DoPTGoI @DoPTGoI @DrJitendraSingh @DoPTGoI @DoPTGoI @DoPTGoI @DoPTGoI @DoPTGoI @
314,QRMP    QRMP
315,@tiwariaditi0909 Nahi 15-20 percentage hi kaam ke hote hai... Banking ko side rakho...baaki government sector ki halat dekho... Banking to fir bhi bahot sahi hai... Banking to fir bhi bahot sahi hai... Banking to fir bhi bahot sahi hai... Banking to fir bhi bahot
316,10 iphone             10 iphone                  10 iphone                 10 iphone
317,",       ,          ,"
318,@narendramodi Modi ji ap bolte ho ki darkar garab ke hai Mai 6 manth se ghar ke pepar le kal bank ke liye liken koi bhi kank loan dene ko thaiyar mahi bataiyar mahi bataiyar mahi bataiyar mahi koi help karta
319,"Lalit, plane churwaya ki nahin, kitna loan lete ho re tum log"
320,Mai apne desh ka citizen hu aur apne desh ke liye jaan bhi qurban hai Hindustan Zindabaad  Mai kisi se nhi drta Allah ke ilawa
321,
322,RhinoFin kar ke cibil report me show ho raha hai pls sab detail dejiye ye kon sa app hai or kab loan liya hai or kab loan liya hai or kab loan liya hai or kab loan liya hai or kab loan liya hai or kab loan liy
323,"chacha dekh to lo 1991 me kya hua tha, aap jaise fake log iss kisaaan logo ko badnaam kar rahe ho, aap jaise fake log iss kisaaan logo ko badnaam kar rahe ho, aap jaise fake log iss kisaaan logo ko badnaam"
324,10 iphone  !!  (investments subject to market risk)
325,"yaad rkhna ye modi ke link ke businessmen hi desh ke banko se loan lekar bhage itni baar Ab bol kon desh drohi hai tumhe vo ni dikhra bansh ki aakh,100 se jyada farmers mare hai tumhe vo ni dikhra bansh ki"
326,RT @DEVARAJSHRINIV1: @PMO_NaMo @CMofKarnataka @RBI @Jantaki_Aawaz inn chainse loan app ke kilaf itan saboot diye hii logo nai le rahe hii logo ko barbad kiya inn chainse loan app wale.plg inke uppar jald action lijye sir
327,RT @CellDelhi @DCP_CCC_Delhi @DCP_CCC_Delhi @CyberCrimeRck @CyberCrimeRck @CyberCrimeRck @CyberCrimeRck @CyberCrimeRck @CyberCrimeRck @CyberCrimeRck @CyberCrimeRck @CyberCrimeRck @
328,RT @gajender_pareek @NikiJ118 @Gajender_pareek @Gajender_pareek @NikiJ118 @Gajender_pareek @NikiJ118 @Fight_back_IN @Helpingncaring1 @NikiJ118 @Gajender_pareek @NikiJ118 @Gajender_pareek @NikiJ118 @Gajender_pareek @NikiJ118 @Gajender_
329,"RT @TV9Bharatvarsh: #NPCI ,   #WhatsApp        #Banking | #OnlinePayment | #Business https://t.co/KPrEL9K7PH: #NPCI ,                   RT @TV9Bhara"
330,#____ We want EWS AGE RELAXATION INCENTRAL GOVERNMENT JOB LIKE SSC RAILWAY AND BANKING @PMOIndia @DoPTGoI @DoPTGoI @DoPTGoI @DoPTGoI @DoPTGoI @DoPTGoI @DoPTGoI @DrJitendraSingh @DoPTGoI @DoPTGoI @DoPTGoI @DoPTGoI @DoPTGoI @
331,"@MSanwatha ,"
332,"QT @Rssamul: https://t.co/LoJHFBBjyn ;              MSP,           MSP,"
333,RT @uttarasuman @SaveThemIndia @Jantaki_Aawaz @uttarasuman @uttarasuman @uttarasuman @SaveThemIndia @Jantaki_Aawaz @SaveThemIndia @Jantaki_Aawaz @PMOIndia @Uttarasuman @uttarasuman @uttarasuman @SaveThemIndia @Jantaki_Aawaz @SaveThemIndia @Uttarasuman
334,@_philosophon_____  You said it di Bilkul risk nahi lene ka re baba jhadu ready rhega mujhe to chai bhi khud se bnane nahi ati toh chup hi rehta hun   You said it di Bilkul risk nahi lene ka re baba jhadu ready rheg
335,Ke modi ke yaar ki waja se loan lena pare magar first bar Khan ne half loan face par wapis mara aap ke modi ke yaar ki waja se loan lena pare magar first bar Khan ne half loan face par wapis mara aap ke modi bi ab rooh raha aur kisna se maafi maagi
336,
337,
338,"@deepakrai8989 ,                https://t.co/FQRPosCATK  Existing Customer >> General Banking >> Branch Related"
339,QT @DhirenS44806584:   7
340,
341,Pravinkks
342,
343,
344,
345,Hadd hai mai tax fill karta hun @HDFCBank_Cares bol raha hai ki aap jis company me work karte ho bhale aap Tax bharo but hum loan nahi denge ye hal hai hamare bharat desh ke @HDFC_Bank ka @HDFC_Bank_Cares bol raha hai ki a
346,False kaam kar @KanganaTeam se loan le le 1. Tere ko zero interest rate par de dengi ; Jhansa ki Rani!
347,"#NPCI ,   #WhatsApp       #Banking | #OnlinePayment | #Business https://t.co/KPrEL9K7PH | #Business https://t.co/KPrEL9K7PH #NPCI ,"
348,@REENA15983205
349,"@_jignesh4 ,"
350,Risk hai to ishq hai https://t.co/nnH9Oodrhw
351,"5 Lakh Crore; Here’s All You Need to Know | SBI      5     5  , 2024  7      https://t.co/HJP5K0dp1F Home Loan Business Rs 5 Lakh Crore; Here’s All You Need to Know | SBI"
352,
353,RT @Utkarsh2609: Haan bas tum jaise chu ke liye khola hai Ek axis school bhi khul raha hai jaldi Vahan spellings sikha denge teko
354,@IndianB21 @CellDelhi @DCP_CCC_Delhi @CellDelhi @CyberCrimeRck @CyberCrimeRck @CyberCrimeRck @CyberCrimeRck @CyberCrimeRck @CyberCrimeRck @CyberCrimeRck @CyberCrimeRck @CyberCrimeRck @C
355,phir janta ke name pr apni chathi mt peeta kro upa ke time mt phir janta ke name pr apni chathi mt peeta kro upa ke time mt phir janta ke name pr apni chathi mt peeta kro upa
356,@ShilpiSinghINC Net 1 GB ka 249...Modi raaj mey 13 paise hua...home loan 11% se 7.45 hua...home loan 11% se 7.45 hua...home loan 11% se 7.45 hua...ujjwala yojna me free gas..mehangai dar 9 se 4 ho gayi aur Kya chah
357,","
358,1.87                      ? #Agriculture | #KisanCreditCard | #Money | #Banking https://t.co/HawAJhHTia
359,*Click Link & Join Now* https://t.co/pzCEFBUvHZ https://t.co/pzCEFBUvHZ https://t.co/tpzCEFBUvHZ https://t.co/tpzCEFBUvHZ https://t.co/tpzCEFBUvHZ https://t.co/tpzCEFBUvHZ https://t.co/tpzCEFBUvH
360,RT @djha883:  ()  ()
361,Malya ko loan bhi modi ne hi diya tha tha tha
362,RT @gajender_pareek @NikiJ118 @Gajender_pareek @Gajender_pareek @NikiJ118 @Gajender_pareek @NikiJ118 @Fight_back_IN @Helpingncaring1 @NikiJ118 @Gajender_pareek @NikiJ118 @Gajender_pareek @NikiJ118 @Gajender_pareek @NikiJ118 @Gajender_
363,@IndianB21 @CellDelhi @DCP_CCC_Delhi @CellDelhi @CyberCrimeRck @CyberCrimeRck @CyberCrimeRck @CyberCrimeRck @CyberCrimeRck @CyberCrimeRck @CyberCrimeRck @CyberCrimeRck @CyberCrimeRck @C
364,5000                                                   https://t.co/FfzBg
365,bhi en par actions nhi leay jaa rhe h govt chati kya h chinna se import export kam kiya h govt chati kya h chinna se import export kam kiya h govt chati kya h chinna se loan aap k trap m fsa k govt kyo nhi band
366,"@indian_sanatan @rohini_sgh      ,    , Ambani Adani   ,    ,   ,   ,  ,  , , ,"
367,RT @DEVARAJSHRINIV1: @PMO_NaMo @CMofKarnataka @RBI @Jantaki_Aawaz inn chainse loan app ke kilaf itan saboot diye hii logo nai le rahe hii logo ko barbad kiya inn chainse loan app wale.plg inke uppar jald action lijye sir
368,karke sara dosh 3 % Brahmins jo unke aas pas hai nahi maximum cehnnai or other state or USA me hai nahi maximum cehnnai or other state or USA me hai nahi maximum cehnnai or other state or USA me hai nahi maximum cehnnai karta.but uska neta ko benfit hota but logo k
369,@TheOfficialSBI Apke online banking se email id register krne ke liye email id register krne ke liye email par otp nahi aa raha 1mahina ho gaya try karte
370,govt es trap m fsa rha h or yha ki govt es trap m fsa rha h or yha ki govt es trap m fsa rha h or yha ki govt es trap m fsa rha h.....loan ap se youth parshn h govt bdi
371,Aaj bhi en par actions nhi leay jaa rhe h govt chati kya h chinna se import export kam kiya h govt chati kya h chinna se import export kam kiya h govt chati kya koe kmi nhi rkhi en loan aap k trap m fsa k
372,'s $1 Brownie made cameras affordable: Kodak's $1 Brownie made cameras affordable
373,Camera technology in India. QT @MadhavSheth1: 64MP ; We are the pioneers of ____ Smartphone Camera technology in India
374,"Google Pixel 5-5G Android Phone - Water Resistant - Unlocked Smartphone with Night Sight and Ultrawide Lens - Just Black with Google Pixel 5 Case, Basically Black Google Pixel 5-5G Android Phone - Water Resistant - Unlocked Smartphone with Night Sight and Ultrawide Lens - Just Black with Google Pixel 5 Case"
375,"Zhiyun Official Smooth 4 Smartphone Gimbal Handheld Stabilizer for iPhone XS X Android Action Camera code réduc: R5F4849F16153000  73.66€ ($81,99) @ #Gearbest #Discount  https://t.co/09OKZKOkeE https://t.co/09OKZKOkeE https://t.co/09OKZKOkeE https://t.co/zqeG3ozW"
376,"confirms that a trio of affordable smartphones are coming to the UK soon, with the Samsung Galaxy A32 5G being the clear star, but the Galaxy A12 and Samsung Galaxy A02s landing for those who want something even cheaper"
377,"RT @CNETNews: Smartphone shipments recover from COVID, led by Apple"
378,RT @MadhavSheth1: 5G smartphones are no more heavy. We have made #realmeX7Pro slimmer and lighter to fit our trendsetting design family
379,"Panasonic Eluga I6 (Black, 2GB Ram, 16GB Storage) – 3 Month No Cost EMI – Rs.  4,999.00 Price:  10,990.00 -  4,999.00 (as of Feb 01,2021 12:21:55 UTC – Details) Panasonic Eluga I6 Smartphone comes with 13.84cm Big view display, 3000mAh Battery,4G support, 2 GB RAM, 16GB Storage) – 3 Month No Cost EMI – Rs."
380,"'KL Tower light up in orange and blue on World Cancer Day' on World Cancer Day this Thursday, 4th February"
381,5G•WiFi #INSIDE #SECURE IRIS #BIOMETRICS' #LOGIN proprietary multi-color foldable #smartphones and mobile #equipment
382,K30 Android 10 Unlocked Cell Phone 6.8” 2020 New Smartphone Quad Core Dual SIM #ebay #cellphonesandaccessories https://t.co/VpgLaYA6yV New Smartphone Quad Core Dual SIM #ebay #cellphonesandaccessories https://t.co/VpgLaYA6yV New Smartphone Quad Core Dual SIM #ebay #ebay #cellphonesandaccessories https://t.co/VpgLaYA6yV New Smartphone Quad Core Dual
383,"Features 3G, 5.0′′ IPS LCD Capacitive Touchscreen, 8 MP Camera, Wi Fi, GPS, Bluetooth.Liquid Z500 Android Smartphone. Announced 2014, September. Features 3G, 5.0′′ IPS LCD Capacitive Touchscreen, 8 MP Camera, Wi Fi, GPS, Bluetooth.Liquid Z500 Android Smartphone. Features 3G, 5.0′′ IPS LCD Capacitive Touchscreen, 8 MP Camera, Wi Fi, GPS, Bluetooth"
384,Realme V3 5G launched as the cheapest 5G smartphone in the market #Realme #Realme #RealmeV35G #RealmeV35G #RealmeV3 5G launched as the cheapest 5G smartphone in the market #Realme #RealmeV35G #RealmeV35G #RealmeV3 5G launched as the cheapest 5G smartphone in the market #Realme #Realme #RealmeV35G #Real
385,RT @Utsav_raj22: Xiaomi upcoming smartphone specs may be Redmi Note 10 pro series or Redmi K40 series???? #redminote10pro #redmik40
386,Black Shark 4 gaming smartphone surfaces on TENAA certification site https://t.co/R0NX7zJTRK
387,Xiaomi upcoming 5G smartphone Exposure OLED Single Punch Hole Display Snapdragon SM7350 SoC 64MP rear camera with 5x zoom may be Redmi K40 or Mi 11 Lite #Xiaomi #Mi11Lite #RedmiK40 https://t.co/sfbCKAXuXl
388,@Ericsson's Ajay Gautam discusses how 5G RAN Slicing is key to tap into the full potential of 5G and spur business growth: @Ericsson's Ajay Gautam discusses how 5G RAN Slicing is key to tap into the full potential of 5G: @Ericsson's Ajay Gautam
389,Nokia 6.1 in 2021? New Video Up! RT @Techformativ557: Nokia 6.1 in 2021? New Video Up!  https://t.co/c0PEt8QSbg #Nokia #nokiastock #Review #YouTube #tech #Android #androidone #camera #Mobile #smartphone #Android #androidone #camera #Mobile #smartphone #YouTuber #YouTuber #youT
390,Xiaomi files new patent for smartphone design with detachable rear camera module: Xiaomi files new patent for smartphone design with detachable rear camera module
391,Android Unlocked Cell Phone 6.8” Smartphone Quad Core Dual SIM Cheap #ebay #cellphonesandaccessories https://t.co/a5M79ouKC7 #ebay #ebay #cellphonesandaccessories https://t.co/a5M79ouKC7 Android Unlocked Cell Phone 6.8” Smartphone Quad Core Dual SIM Cheap #ebay #ebay #cellphonesandaccessories https://t.co/a5M79ouKC7 #ebay #ebay #
392,RT @Parth_Varma_: We are the pioneers of 64MP Smartphone camera technology in India
393,"Samsung Galaxy S20 FE 5G | Factory Unlocked Android Cell Phone | 128 GB | US Version Smartphone | Pro-Grade Camera, 30X Space Zoom, Night Mode | Cloud Mint Green by Samsung Electronics for $699.99"
394,"Xiaomi smartphone with OLED display, Snapdragon 775G, 64MP rear camera, 5x optical zoom said to launch soon https://t.co/Z9PgBVRquR https://t.co/Z9PgBVRquR https://t.co/Z9PgBVRquR https://t.co/iiAUe7iywk"
395,Huawei Y7 (2019) 3GB RAM 4G Android Smartphone 32GB Unlocked https://t.co/Gpb3fQrZGW via @eBay_UK
396,ROG Phone 5 comes with Snapdragon 888. Follow us for Tech Updates @TECHSmartX Please Credit Us If you Use My Content Hastags:- #asus #asusrog #asusrog #asusrog #asusrog #asusrog #asusrog #asusrog #asusrog #asusrog #asusrog #asusrog #asusrog #asusphones #gamingphone #technology #TechSmart
397,@MadhavSheth1 @Smartprix Unhone kha tha ki hm india m sbse pehle dimensity wala smartphone layenge hm realme x50 pro bhi pehla 5g phone layenge hm realme x50 pro bhi pehla 5g phone layenge hm realme x50 pro bhi pehla 5g phone layenge
398,@stufflistings Unhone kha tha ki hm india m sbse pehle dimensity wala smartphone layenge hm realme x50 pro bhi pehla 5g phone layenge hm realme x50 pro bhi pehla 5g phone layenge hm realme x50 pro bhi pehla 5g phone layenge hm realme
399,"@TechnicalGuruji Hi Gaurav Bhai Hi Gaurav Bhai, Oneplus Nord lena sahi hain kya.. Bcoz its 5G, or main jo Smartphone leta hu vo 4-5 Saal tak chalata hu Jaise mere pas abhi redmi 5A Hain Vo Jab Launch Hua Tha Tab Launch Hua Tha Tab Launch Hua Tha Tab Launch Hua Tha Tab Launch Hua"
400,"#AmreliaRuhez #AskRuhez Bhai main aap se haal chal to nahi puchunga, kuyki aap jaise bhi raho aapko achha hi bolna parega 1- kya Q2 2021 main 15000 ke niche Samsung ke taraf se koyi powerful 5g smartphone aayega jisme good quality camera mile"
401,@GSmartphone5 #smartphone #5Gsfor5G #medhajnews https://t.co/fmGlUVMdaJ @GSmartphone5 #smartphone #5Gsfor5G #medhajnews https://t.co/fmGlUVMdaJ
402,@utsavtechie     Smartphone 4G  Support      Smartphone 4G  Support   New 5G Smartphone purchase  2023         4G Smartphone Moto E 1st Gen (3G) -> OnePlus 6T (4G) -> What's Next (5G)
403,Oppo Reno 5 Pro 5G     18  2021  | #oppo#opporeno5pro5g #smartphone#launchinginindia #18thjan... https://t.co/n2dA911pn8pn8pn8pn8pn8pn8pn8pn8pn8pn8pn8pn8pn8pn8pn8pn8p
404,#GadgetFirst 108        Xiaomi Mi 10i                              Xiaomi Mi 10i             Xiaomi
405,@MadhavSheth1 Madhav sir aapne kha tha ki hm dimensity wala 5g smartphone sbse pehle layenge but oppo reno 5 pro 18 ko aapne kha tha ki realme x7 series 18 January se pehle india m launch ho jaye agar aisa kro ki realme x7 series 18 January
406,"9T  ,    #Announcement #camera #companyculture #Global #India #Global #India #Latestnews #launch #NOTE9PROMAX #NOTE9 #REDMI9T #smartphone #TEASER #technology #TechnoFunda https://t.co/EaXeV9NRVB #NOTE9PROMAX #NOTE9 #REDMI9T #smartphone #"
407,"Mi 10i   , 108MP   5G,      #Mi10i #Xiaomi #smartphones #Mi10i #Xiaomi #smartphones #Mi10i #Xiaomi #smartphones #Mi10i #Mi10i #Xiaomi #smartphones"
408,5G Smartphones: 30   OnePlus Nord     OnePlus Nord     OnePlus Nord      OnePlus Nord      OnePlus Nord      OnePlus Nord       OnePlus Nord       OnePlus Nord     OnePlus 5G Smartphones:
409,Top 5 Cheapest 5G Smartphones in India #5G #Cheapest5GsmartphonesinIndia #5G https://t.co/J77nEOqvkm              5G #Cheapest5GsmartphonesinIndia #5G #5G #5G #5G #Cheapest5Gsmartphonesin
410,in January:       Mi 10i 5G     https://t.co/Ul3vD3evRb Upcoming Smartphones in January:          Mi 10i 5G
411,"Xiaomi 108MP camera smartphone teaser released on Amazon India | Xiaomi   108 MP    , 5     https://t.co/CHUddjv3Nh"
412,#5G #smartphone #Technology #technews #technews #technews #technews #technews #technews #technews #technews #technews #5G #smartphone #smartphone #technews #technews #technews #technews #technews #technews #technews #5G #5G #smartphone #smartphone #smartphone #technews #technews #technews #5G #5G #smartphone #5G #5
413,"865   OPPO Reno 5 Pro+ 5G,   : #technews #Oppo #smartphone https://t.co/lZnAObZ8Ly: #technews #Oppo #smartphone https://t.co/lZnAObZ8Ly: #technews #Oppo #smartphone https://t.co/lZnAObZ8Ly: #"
414,"ZTE Axon 20 4G Smartphone may launch soon with on screen Camera Technology -    ,     4G -  ,"
415,Best 5g smartphones launched in 2020: Best Of 2020: Best Of 2020: Best Of 2020: Best Of 2020: Best Of 2020: Best Of 2020: Best Of 2020: Best Of 2020: Best Of 2020: Best Of 2020: Best Of 2020: Best Of 2020: Best Of 2020: Best Of 2020: Best Of 2020: Best Of 2020: Best Of 2020: Best Of 2020: Best Of 2020: Best Of 2020: Best Of 2020: Best Of 2020: Best Of 2020: Best Of 2020: Best Of 2020: Best Of 2020: Best 5g smartphones available to buy
416,Samsung 5G Smartphone Galaxy A22:
417,"reno3  5G #reno3pro5g, #smartphone https://t.co/22vRDjua7H #reno3pro5g, #smartphone https://t.co/22vRDjua7H #reno3pro5g, #smartphone https://t.co/22vRDjua7H"
418,"Xiaomi 108MP camera smartphone teaser released on Amazon India | Xiaomi   108 MP    , 5     https://t.co/JkOWdfPRst    , 5"
419,@NagarJitendra   Jio   Jio         350/-       350/-
420,Oppo Reno5 Pro+ 5G   | #oppo#oppo#opporeno5pro+5g #launched#china #smartphone#5gsmartphone #5gsmartphone #5gsmartphone #5gsmartphone #5gsmartphone #5gsmartphone #5gsmartphone #5gsmartphone #5gsmartphone #5gsmartphone #oppo#oppoopporeno
421,5G Smartphone -         5G     5G     5G      5G      5G     5G      5G      5G
422,Samsung delays launch of foldy phone after bad reviews #GiantSamsung #Samsung #Samsung #Samsung #Samsung #Samsung #Samsung #Samsung #Samsung #Samsung #Samsung #Samsung #Samsung #Samsung #Samsung
423,THING NOW #mobile #phone #bad #signal #slow #low #battery #iphone #samsung #nokia #worst #thing http://instagram.com/p/lrr9Oflv_S/mobile #phone #bad #signal #slow #low #battery #iphone #samsung #nokia #worst #thing http://instagram.com/p/lrr9
424,REDMI PLAYED WITH MONEY AND MY EMOTIONS AND ASKING FOR MORE MONEY FOR REPAIRS IN THE PHONE WHICH GOT DAMAGED IN JUST 1 WEEK
425,I hate @BlackBerry @BB_in @BB_in @BB_in @BB_in @BB_in @BB_in @BB_in @BB_in @BB_in @BB_in @BB_in @BB_in @BB_in @BB_in @BB_in @BB_in @BB_in @BB_in @BlackBerryHelp @BlackBerryHelp @BlackBerryHelp @BlackBerryHelp
426,I hate my iPhone 5!! http://finest.se/userBlog/entry.php?uid=53072&beid=2402349 #hate #angry #iphone #apple #iphone5 #worst #purchase #pissed #electronics #bad #broken #new #new #new #new #new #new #new #new #hate #angry #iphone #apple #iphone5 #worst #
427,#ios 6.1 #for #iphone #very #bad and #iPhone5 not good a lot in model #a1428 i wanna give this model #cdma to this model #gsm :( :@
428,#XiaomiRedmiNote4 doesn't work perfectly. Actually it doesn't work perfectly. Actually it doesn't work perfectly.
429,I have a concern over the service provided. Purchased #Note4 last year and replaced screen from #MI Authorised service centre
430,Nokia6.1Plus in Oct2018 and having worst exp. evn battery got die soon & #phone hang like 1GB RAM #mobile #Requesting u to sort it out asap Definitely Cant continue wid dis one & putting blam on #Nokia #bad experience @NokiamobileIN @NokiamobileIN @NokiaMobileIN @NokiaMobileIN @NokiaMobileIN @NokiaMobileIN @NokiaMobileIN @Nokia
431,@OnePlus_IN #OnePlus6.. really frustrating service from @XiaomiIndia @xiaomi... Any #Review for #OnePlus #service #Centers #India...?? #mobile #Phone #Phone #CustomerExperience #CustomerExperience #CustomerExperience #CustomerExperience #CustomerExperience #CustomerExperience #CustomerExperience #CustomerService from @XiaomiIndia @xiaomi..
